"vessel_type","L","B","d","DW","speed","cargo_amount","cost_per_mile","cargo_demand","cargo_value","cargo_fragility","cargo_danger","sea_route","wind_strength","sea_state","target"
"сухогруз",175.53,29.4,10.1,32029,11.7,2181,2.47,"0","1","1","0",1763,"4","2",4354.61
"сухогруз",175.53,29.4,10.1,32029,12.7,615,0.6,"1","2","0","9",4083,"9","6",2449.8
"сухогруз",175.53,29.4,10.1,32029,12.6,2641,1.66,"1","0","1","9",4759,"2","0",7899.94
"сухогруз",175.53,29.4,10.1,32029,10.9,2303,0.27,"0","1","0","0",8576,"2","4",2315.52
"сухогруз",175.53,29.4,10.1,32029,11.7,2831,3.55,"1","1","1","4",3190,"6","5",11324.5
"сухогруз",175.53,29.4,10.1,32029,12.6,1617,0.39,"0","2","0","0",8298,"5","2",3236.22
"сухогруз",175.53,29.4,10.1,32029,11.2,2068,3.42,"0","2","1","9",2419,"6","7",8272.98
"сухогруз",175.53,29.4,10.1,32029,11.1,356,0.2,"1","1","0","0",3607,"9","6",721.4
"сухогруз",175.53,29.4,10.1,32029,12.6,416,0.21,"1","0","1","0",3924,"5","0",824.04
"сухогруз",175.53,29.4,10.1,32029,12,1602,0.78,"1","1","0","0",4121,"3","0",3214.38
"сухогруз",175.53,29.4,10.1,32029,12,3130,1.96,"1","1","1","9",6374,"9","7",12493.04
"сухогруз",175.53,29.4,10.1,32029,10.4,1794,1.51,"1","2","1","0",4740,"3","0",7157.4
"сухогруз",175.53,29.4,10.1,32029,12.2,677,0.12,"0","1","0","0",5665,"6","5",679.8
"сухогруз",175.53,29.4,10.1,32029,10.2,3103,2.11,"1","1","1","9",5885,"0","2",12417.35
"сухогруз",175.53,29.4,10.1,32029,12.1,1823,1.14,"0","2","1","4",6412,"0","2",7309.68
"сухогруз",175.53,29.4,10.1,32029,10.6,2870,1.81,"1","2","0","0",4747,"9","6",8592.07
"сухогруз",175.53,29.4,10.1,32029,12.3,166,0.02,"0","1","0","0",8669,"1","4",173.38
"сухогруз",175.53,29.4,10.1,32029,11.3,181,0.05,"0","2","0","0",6623,"7","5",331.15
"сухогруз",175.53,29.4,10.1,32029,11.4,158,0.52,"0","2","1","4",1221,"8","7",634.92
"сухогруз",175.53,29.4,10.1,32029,11.9,1212,2.2,"1","1","0","8",1651,"6","6",3632.2
"сухогруз",175.53,29.4,10.1,32029,12.1,1167,0.76,"1","2","0","4",6121,"1","0",4651.96
"сухогруз",175.53,29.4,10.1,32029,10.9,1564,2.66,"1","2","1","9",2940,"2","3",7820.4
"сухогруз",175.53,29.4,10.1,32029,11.1,2954,1.42,"0","0","1","9",4148,"8","7",5890.16
"сухогруз",175.53,29.4,10.1,32029,11.4,2963,1.3,"0","1","1","0",4562,"3","0",5930.6
"сухогруз",175.53,29.4,10.1,32029,10.7,2605,0.81,"1","1","0","0",6424,"6","6",5203.44
"сухогруз",175.53,29.4,10.1,32029,10.3,1364,2.51,"1","0","0","4",1088,"7","7",2730.88
"сухогруз",175.53,29.4,10.1,32029,12.3,1426,0.19,"0","0","1","0",7641,"3","0",1451.79
"сухогруз",175.53,29.4,10.1,32029,11,288,0.28,"1","2","0","4",4140,"4","3",1159.2
"сухогруз",175.53,29.4,10.1,32029,11.5,420,0.5,"1","2","0","0",2503,"2","2",1251.5
"сухогруз",175.53,29.4,10.1,32029,11.7,2527,0.96,"1","2","0","0",7859,"9","7",7544.64
"сухогруз",175.53,29.4,10.1,32029,12.8,1115,0.5,"0","0","1","4",4443,"4","4",2221.5
"сухогруз",175.53,29.4,10.1,32029,11.9,2022,1.15,"1","2","1","9",8770,"4","4",10085.5
"сухогруз",175.53,29.4,10.1,32029,12.1,3161,0.54,"0","1","0","0",5872,"0","3",3170.88
"сухогруз",175.53,29.4,10.1,32029,12.4,2075,8.09,"1","1","1","0",769,"0","2",6221.21
"сухогруз",175.53,29.4,10.1,32029,11.3,547,0.1,"0","0","0","8",5222,"5","3",522.2
"сухогруз",175.53,29.4,10.1,32029,13.1,660,0.4,"1","2","0","8",6652,"2","3",2660.8
"сухогруз",175.53,29.4,10.1,32029,11,412,0.13,"1","1","0","0",6571,"3","3",854.23
"сухогруз",175.53,29.4,10.1,32029,11.8,3166,3.41,"1","2","0","8",3712,"4","3",12657.92
"сухогруз",175.53,29.4,10.1,32029,10.8,3140,0.89,"0","1","0","9",7093,"2","3",6312.77
"сухогруз",175.53,29.4,10.1,32029,10.4,1474,1.14,"1","2","1","4",6448,"9","7",7350.72
"сухогруз",89.96,14.58,4.6,5027,9,399,0.16,"0","0","1","9",4950,"7","6",792
"сухогруз",89.96,14.58,4.6,5027,10,493,0.32,"1","1","1","4",6240,"0","3",1996.8
"сухогруз",89.96,14.58,4.6,5027,10.4,238,0.11,"0","2","0","4",6364,"5","0",700.04
"сухогруз",89.96,14.58,4.6,5027,10.4,480,0.27,"1","0","1","0",3590,"0","1",969.3
"сухогруз",89.96,14.58,4.6,5027,9.7,332,0.12,"1","0","1","0",5439,"8","7",652.68
"сухогруз",89.96,14.58,4.6,5027,9.5,149,0.07,"0","2","1","9",8333,"7","6",583.31
"сухогруз",89.96,14.58,4.6,5027,10.3,178,0.08,"1","0","1","0",4597,"8","5",367.76
"сухогруз",89.96,14.58,4.6,5027,8.1,29,0.01,"1","1","1","0",8748,"3","4",87.48
"сухогруз",89.96,14.58,4.6,5027,7.6,144,0.1,"1","2","1","4",7203,"3","1",720.3
"сухогруз",89.96,14.58,4.6,5027,8.6,200,0.06,"0","0","1","9",6912,"8","5",414.72
"сухогруз",89.96,14.58,4.6,5027,7.8,381,0,"0","0","0","0",4136,"8","7",0
"сухогруз",89.96,14.58,4.6,5027,10,127,0.03,"0","0","1","0",4314,"8","6",129.42
"сухогруз",89.96,14.58,4.6,5027,8.6,41,0,"0","0","0","0",1342,"4","3",0
"сухогруз",89.96,14.58,4.6,5027,10.1,282,0.08,"1","0","1","0",6746,"5","4",539.68
"сухогруз",89.96,14.58,4.6,5027,9.7,11,0.02,"0","1","0","0",718,"5","4",14.36
"сухогруз",89.96,14.58,4.6,5027,9.1,140,0.32,"1","2","1","0",1746,"0","3",558.72
"сухогруз",89.96,14.58,4.6,5027,9.5,421,0.1,"1","1","0","0",8844,"6","7",884.4
"сухогруз",89.96,14.58,4.6,5027,9,119,0.05,"1","1","1","0",7446,"1","2",372.3
"сухогруз",89.96,14.58,4.6,5027,7.7,230,0,"0","0","0","0",1927,"5","4",0
"сухогруз",89.96,14.58,4.6,5027,8.3,165,0.12,"1","2","1","0",5380,"5","1",645.6
"сухогруз",89.96,14.58,4.6,5027,8.5,496,0.75,"1","0","1","4",1978,"9","5",1483.5
"сухогруз",89.96,14.58,4.6,5027,8.6,397,0.38,"1","2","1","9",5212,"3","0",1980.56
"сухогруз",89.96,14.58,4.6,5027,10,342,0.4,"1","2","1","9",4329,"2","0",1731.6
"сухогруз",89.96,14.58,4.6,5027,7.7,218,0,"0","0","0","0",1327,"4","1",0
"сухогруз",89.96,14.58,4.6,5027,8.2,305,0.25,"1","2","0","0",3686,"0","4",921.5
"сухогруз",89.96,14.58,4.6,5027,9.2,274,0.07,"0","1","0","4",7803,"9","5",546.21
"сухогруз",89.96,14.58,4.6,5027,9.9,28,0.08,"1","1","0","4",993,"4","4",79.44
"сухогруз",89.96,14.58,4.6,5027,9.4,353,0.08,"1","0","0","0",4277,"0","0",342.16
"сухогруз",89.96,14.58,4.6,5027,8,399,2.11,"1","2","0","8",755,"1","3",1593.05
"сухогруз",89.96,14.58,4.6,5027,8.9,232,0.12,"1","2","1","0",7732,"4","0",927.84
"сухогруз",89.96,14.58,4.6,5027,9.9,389,0.22,"0","1","1","0",3507,"2","0",771.54
"сухогруз",89.96,14.58,4.6,5027,10.3,32,0.01,"1","0","1","0",7843,"0","4",78.43
"сухогруз",89.96,14.58,4.6,5027,9.9,108,0.05,"0","0","1","4",4259,"7","5",212.95
"сухогруз",89.96,14.58,4.6,5027,10.2,262,0.49,"0","0","1","0",540,"0","1",264.6
"сухогруз",89.96,14.58,4.6,5027,10.2,295,0.11,"0","2","1","0",8288,"9","5",911.68
"сухогруз",89.96,14.58,4.6,5027,9.8,457,0.13,"0","1","0","8",6886,"7","6",895.18
"сухогруз",89.96,14.58,4.6,5027,8,343,0.32,"1","2","1","0",4354,"5","3",1393.28
"сухогруз",89.96,14.58,4.6,5027,8.1,356,0.22,"1","1","1","0",4816,"0","4",1059.52
"сухогруз",89.96,14.58,4.6,5027,9.5,190,0.06,"0","1","1","0",6786,"3","2",407.16
"сухогруз",89.96,14.58,4.6,5027,8.2,315,0.17,"1","2","0","8",7550,"2","2",1283.5
"сухогруз",224.94,32.26,7,76633,7,2041,0.92,"1","2","1","0",8886,"2","0",8175.12
"сухогруз",224.94,32.26,7,76633,7.8,6758,2.06,"1","0","1","0",6550,"0","1",13493
"сухогруз",224.94,32.26,7,76633,8.1,4179,5.96,"0","2","0","8",2105,"8","5",12545.8
"сухогруз",224.94,32.26,7,76633,8.5,1815,1.27,"1","2","0","0",4275,"1","0",5429.25
"сухогруз",224.94,32.26,7,76633,7.9,3713,12.79,"1","1","1","0",871,"7","5",11140.09
"сухогруз",224.94,32.26,7,76633,6.6,3506,0.47,"0","0","0","4",7537,"0","2",3542.39
"сухогруз",224.94,32.26,7,76633,7.6,2707,1.37,"0","2","1","4",7922,"5","4",10853.14
"сухогруз",224.94,32.26,7,76633,7,7218,3.2,"0","2","0","0",4507,"0","3",14422.4
"сухогруз",224.94,32.26,7,76633,8.2,621,2.38,"0","1","1","9",784,"3","4",1865.92
"сухогруз",224.94,32.26,7,76633,8,1974,0.85,"0","1","0","0",2315,"0","0",1967.75
"сухогруз",224.94,32.26,7,76633,7.9,5088,0.97,"0","0","1","0",5265,"6","6",5107.05
"сухогруз",224.94,32.26,7,76633,7.7,7043,4.07,"0","0","1","0",1729,"6","7",7037.03
"сухогруз",224.94,32.26,7,76633,6.7,6767,1.3,"0","0","1","0",5212,"2","2",6775.6
"сухогруз",224.94,32.26,7,76633,7.6,164,0,"0","0","0","0",3974,"3","0",0
"сухогруз",224.94,32.26,7,76633,7.2,483,0.47,"0","0","1","0",1031,"1","4",484.57
"сухогруз",224.94,32.26,7,76633,6,7407,18.86,"1","2","0","0",1178,"7","7",22217.08
"сухогруз",224.94,32.26,7,76633,6.6,2982,0.85,"0","0","1","9",6993,"8","7",5944.05
"сухогруз",224.94,32.26,7,76633,5.9,3719,6.1,"1","0","0","0",610,"6","7",3721
"сухогруз",224.94,32.26,7,76633,7,2585,6.01,"1","2","1","0",1720,"8","5",10337.2
"сухогруз",224.94,32.26,7,76633,6.2,5041,2.86,"0","2","1","4",7043,"8","5",20142.98
"сухогруз",224.94,32.26,7,76633,6.4,370,0.14,"0","2","1","0",7982,"4","0",1117.48
"сухогруз",224.94,32.26,7,76633,7.7,6764,3.54,"0","1","0","0",1912,"5","1",6768.48
"сухогруз",224.94,32.26,7,76633,5.9,2249,0.61,"1","1","0","0",7426,"5","3",4529.86
"сухогруз",224.94,32.26,7,76633,7,7221,11.96,"0","2","1","4",2415,"0","2",28883.4
"сухогруз",224.94,32.26,7,76633,7,1826,1.43,"1","2","1","0",5097,"8","5",7288.71
"сухогруз",224.94,32.26,7,76633,6.1,3735,2.32,"1","2","1","0",6448,"6","7",14959.36
"сухогруз",224.94,32.26,7,76633,6.5,5271,0.63,"0","0","1","0",8303,"9","5",5230.89
"сухогруз",224.94,32.26,7,76633,7.5,5471,1.08,"1","0","0","0",5075,"8","6",5481
"сухогруз",224.94,32.26,7,76633,6.4,3705,1.33,"1","0","1","0",5570,"1","1",7408.1
"сухогруз",224.94,32.26,7,76633,7.3,4008,1.18,"1","1","0","0",6791,"1","4",8013.38
"сухогруз",224.94,32.26,7,76633,8.2,6444,0,"0","0","0","0",3783,"2","3",0
"сухогруз",224.94,32.26,7,76633,6.4,5074,1.82,"0","1","1","8",8349,"8","6",15195.18
"сухогруз",224.94,32.26,7,76633,5.8,7062,19.37,"1","0","1","8",1094,"4","0",21190.78
"сухогруз",224.94,32.26,7,76633,5.8,4199,1.67,"0","1","0","9",5022,"3","4",8386.74
"сухогруз",224.94,32.26,7,76633,7.5,799,0.21,"0","1","0","9",7561,"3","1",1587.81
"сухогруз",224.94,32.26,7,76633,7.2,3154,1.16,"0","0","0","8",2721,"8","6",3156.36
"сухогруз",224.94,32.26,7,76633,7.8,6419,2.47,"0","2","1","0",7800,"0","4",19266
"сухогруз",224.94,32.26,7,76633,6.9,6114,3.28,"1","1","1","9",7453,"3","3",24445.84
"сухогруз",224.94,32.26,7,76633,6.8,5229,2.95,"1","0","0","9",3544,"0","4",10454.8
"сухогруз",224.94,32.26,7,76633,6.1,5960,30.03,"1","2","0","9",794,"4","1",23843.82
"сухогруз",223.7,32.3,6.6,71572,11.6,6366,2.78,"1","0","1","9",6882,"6","7",19131.96
"сухогруз",223.7,32.3,6.6,71572,11.6,434,0.11,"1","0","1","0",7569,"4","1",832.59
"сухогруз",223.7,32.3,6.6,71572,10.5,7096,4.5,"1","2","1","0",6310,"8","7",28395
"сухогруз",223.7,32.3,6.6,71572,11.9,4263,2.45,"0","2","1","0",5224,"3","2",12798.8
"сухогруз",223.7,32.3,6.6,71572,10.2,716,0.86,"1","2","0","8",3327,"3","0",2861.22
"сухогруз",223.7,32.3,6.6,71572,10.7,6985,13.83,"1","2","1","0",2020,"0","2",27936.6
"сухогруз",223.7,32.3,6.6,71572,10.7,427,0.21,"1","1","1","0",6110,"9","6",1283.1
"сухогруз",223.7,32.3,6.6,71572,11,834,2.9,"1","2","1","0",1149,"3","3",3332.1
"сухогруз",223.7,32.3,6.6,71572,10.8,1843,0.56,"0","1","1","0",6559,"1","4",3673.04
"сухогруз",223.7,32.3,6.6,71572,12.6,1442,0.88,"1","2","0","0",4907,"8","6",4318.16
"сухогруз",223.7,32.3,6.6,71572,11.6,6297,1.7,"0","0","1","0",3711,"3","0",6308.7
"сухогруз",223.7,32.3,6.6,71572,12.5,4224,0.99,"1","0","0","4",8494,"3","3",8409.06
"сухогруз",223.7,32.3,6.6,71572,10.2,3380,1.62,"0","1","1","4",6245,"5","2",10116.9
"сухогруз",223.7,32.3,6.6,71572,13,5347,2.84,"1","1","1","9",7531,"6","7",21388.04
"сухогруз",223.7,32.3,6.6,71572,11.7,2390,1.05,"0","1","0","4",4565,"3","3",4793.25
"сухогруз",223.7,32.3,6.6,71572,10.9,2081,1.22,"1","2","0","9",6836,"6","7",8339.92
"сухогруз",223.7,32.3,6.6,71572,12.6,6014,2.36,"0","1","1","9",7632,"9","7",18011.52
"сухогруз",223.7,32.3,6.6,71572,12.6,761,0.09,"0","0","0","9",8632,"3","2",776.88
"сухогруз",223.7,32.3,6.6,71572,12.6,5933,1.63,"1","0","0","4",7290,"8","7",11882.7
"сухогруз",223.7,32.3,6.6,71572,12.8,5210,2.33,"0","1","0","8",4477,"4","4",10431.41
"сухогруз",223.7,32.3,6.6,71572,12.2,1743,1.67,"0","1","1","8",3127,"9","7",5222.09
"сухогруз",223.7,32.3,6.6,71572,12.4,1191,0.72,"0","2","1","4",6595,"5","4",4748.4
"сухогруз",223.7,32.3,6.6,71572,12.5,930,0.48,"1","1","1","0",5837,"6","6",2801.76
"сухогруз",223.7,32.3,6.6,71572,12.6,1771,0.21,"0","1","0","0",8314,"9","5",1745.94
"сухогруз",223.7,32.3,6.6,71572,11.6,2409,1.53,"0","1","1","9",4733,"5","2",7241.49
"сухогруз",223.7,32.3,6.6,71572,12.2,3817,1.33,"1","0","0","9",5745,"5","0",7640.85
"сухогруз",223.7,32.3,6.6,71572,12.2,104,0.12,"1","1","1","8",3568,"8","7",428.16
"сухогруз",223.7,32.3,6.6,71572,11.2,5591,2.29,"1","0","1","0",4877,"6","5",11168.33
"сухогруз",223.7,32.3,6.6,71572,11.8,5902,0.73,"0","0","0","9",8114,"9","7",5923.22
"сухогруз",223.7,32.3,6.6,71572,12.8,2877,1.57,"0","1","0","4",3654,"4","2",5736.78
"сухогруз",223.7,32.3,6.6,71572,10.4,2599,1.16,"0","0","1","0",2248,"2","2",2607.68
"сухогруз",223.7,32.3,6.6,71572,11.5,5680,1.86,"1","0","0","0",3052,"7","5",5676.72
"сухогруз",223.7,32.3,6.6,71572,12.7,4199,10.38,"0","1","1","0",809,"3","1",8397.42
"сухогруз",223.7,32.3,6.6,71572,13,5595,0.64,"0","0","1","0",8797,"4","1",5630.08
"сухогруз",223.7,32.3,6.6,71572,10.9,414,1.17,"1","0","0","9",708,"2","2",828.36
"сухогруз",223.7,32.3,6.6,71572,12.9,4850,2.41,"1","1","1","0",6043,"7","5",14563.63
"сухогруз",223.7,32.3,6.6,71572,11.4,7050,36.62,"1","2","1","0",770,"5","4",28197.4
"сухогруз",223.7,32.3,6.6,71572,12.7,3118,1.66,"1","0","1","9",5643,"6","5",9367.38
"сухогруз",223.7,32.3,6.6,71572,12.7,665,0,"0","0","0","0",5585,"9","6",0
"сухогруз",223.7,32.3,6.6,71572,11.5,4244,4.96,"0","2","1","0",2566,"7","5",12727.36
"сухогруз",189.6,30.5,8.5,45428,12.3,177,0.03,"0","1","0","0",5602,"4","0",168.06
"сухогруз",189.6,30.5,8.5,45428,11.6,3437,6.79,"0","1","1","9",1519,"2","2",10314.01
"сухогруз",189.6,30.5,8.5,45428,12.9,3446,1.41,"0","0","1","9",4887,"1","4",6890.67
"сухогруз",189.6,30.5,8.5,45428,13.2,3174,2.16,"1","1","1","0",4409,"6","7",9523.44
"сухогруз",189.6,30.5,8.5,45428,13.7,3910,0.85,"0","1","0","0",4590,"1","0",3901.5
"сухогруз",189.6,30.5,8.5,45428,12.1,2549,0.93,"0","2","0","4",8215,"1","2",7639.95
"сухогруз",189.6,30.5,8.5,45428,12.2,4459,2.01,"0","1","1","8",6647,"6","7",13360.47
"сухогруз",189.6,30.5,8.5,45428,10.8,66,0.03,"0","2","1","0",6097,"0","3",182.91
"сухогруз",189.6,30.5,8.5,45428,13.1,1483,0.79,"0","1","1","0",3742,"9","6",2956.18
"сухогруз",189.6,30.5,8.5,45428,11.5,2597,0.69,"0","1","1","0",7511,"2","0",5182.59
"сухогруз",189.6,30.5,8.5,45428,13.5,3157,1.21,"1","0","1","4",7841,"1","1",9487.61
"сухогруз",189.6,30.5,8.5,45428,12.8,2268,1.83,"0","2","1","4",4944,"9","6",9047.52
"сухогруз",189.6,30.5,8.5,45428,11,4039,2.28,"0","2","0","0",3549,"6","6",8091.72
"сухогруз",189.6,30.5,8.5,45428,12.8,1399,1.37,"1","2","1","0",4089,"1","0",5601.93
"сухогруз",189.6,30.5,8.5,45428,11.9,2369,0.97,"1","1","1","0",7321,"8","7",7101.37
"сухогруз",189.6,30.5,8.5,45428,13.3,1069,1.32,"0","1","1","0",1617,"1","2",2134.44
"сухогруз",189.6,30.5,8.5,45428,13.3,1717,0.8,"0","1","1","9",6442,"7","7",5153.6
"сухогруз",189.6,30.5,8.5,45428,12.8,3672,6.79,"1","2","1","0",2164,"3","0",14693.56
"сухогруз",189.6,30.5,8.5,45428,11.4,1053,0.36,"0","0","1","0",2906,"3","3",1046.16
"сухогруз",189.6,30.5,8.5,45428,11.7,2497,2.65,"1","0","1","0",1883,"0","4",4989.95
"сухогруз",189.6,30.5,8.5,45428,13.7,1299,0.87,"1","1","1","0",4491,"1","2",3907.17
"сухогруз",189.6,30.5,8.5,45428,11.3,2143,2.18,"1","0","1","0",1968,"1","3",4290.24
"сухогруз",189.6,30.5,8.5,45428,12.4,3486,0.93,"0","1","1","0",7515,"1","4",6988.95
"сухогруз",189.6,30.5,8.5,45428,12.1,1870,1.15,"1","2","0","9",6483,"9","6",7455.45
"сухогруз",189.6,30.5,8.5,45428,10.9,3250,3.43,"1","2","0","4",3789,"1","3",12996.27
"сухогруз",189.6,30.5,8.5,45428,12.5,2064,4.48,"1","1","1","4",1842,"7","7",8252.16
"сухогруз",189.6,30.5,8.5,45428,11.3,2297,1.86,"1","1","1","9",4929,"9","5",9167.94
"сухогруз",189.6,30.5,8.5,45428,13.2,1943,1.56,"0","2","0","9",3747,"1","4",5845.32
"сухогруз",189.6,30.5,8.5,45428,11.2,357,0.09,"0","2","0","0",7724,"1","1",695.16
"сухогруз",189.6,30.5,8.5,45428,12.1,3047,2.56,"1","1","0","0",2376,"5","2",6082.56
"сухогруз",189.6,30.5,8.5,45428,11.8,109,0.07,"0","2","1","4",5864,"0","2",410.48
"сухогруз",189.6,30.5,8.5,45428,11.1,3400,1.61,"1","2","0","4",8448,"4","1",13601.28
"сухогруз",189.6,30.5,8.5,45428,11.1,3013,1.67,"1","2","1","0",7208,"0","4",12037.36
"сухогруз",189.6,30.5,8.5,45428,13.4,3,0,"0","2","0","0",8100,"6","6",0
"сухогруз",189.6,30.5,8.5,45428,11.1,3863,7.21,"1","1","1","0",1608,"8","7",11593.68
"сухогруз",189.6,30.5,8.5,45428,12.1,1971,0.25,"0","0","0","9",7979,"2","4",1994.75
"сухогруз",189.6,30.5,8.5,45428,13.7,1508,0.18,"0","0","1","0",8217,"5","4",1479.06
"сухогруз",189.6,30.5,8.5,45428,11.1,2111,0.81,"0","2","1","0",7821,"9","5",6335.01
"сухогруз",189.6,30.5,8.5,45428,11.5,1592,0.37,"0","0","1","8",8700,"1","4",3219
"сухогруз",189.6,30.5,8.5,45428,12.7,2312,0.92,"1","0","0","8",5025,"6","5",4623
"сухогруз",165.5,27,9.1,27321.6,8.5,620,1.49,"1","2","0","0",1249,"8","6",1861.01
"сухогруз",165.5,27,9.1,27321.6,8.5,2680,1.89,"1","2","0","4",5678,"8","5",10731.42
"сухогруз",165.5,27,9.1,27321.6,7.4,572,0.35,"1","2","1","9",8150,"7","7",2852.5
"сухогруз",165.5,27,9.1,27321.6,8.9,2115,3.51,"0","2","0","9",1810,"9","7",6353.1
"сухогруз",165.5,27,9.1,27321.6,8.9,769,0.25,"0","2","0","0",6245,"8","7",1561.25
"сухогруз",165.5,27,9.1,27321.6,8.3,2614,0.97,"0","1","0","9",5402,"8","6",5239.94
"сухогруз",165.5,27,9.1,27321.6,9.6,2669,2.19,"0","1","0","4",2436,"4","3",5334.84
"сухогруз",165.5,27,9.1,27321.6,7.7,1128,3.26,"0","1","1","0",692,"4","4",2255.92
"сухогруз",165.5,27,9.1,27321.6,8.9,1913,0,"0","0","0","0",4299,"4","0",0
"сухогруз",165.5,27,9.1,27321.6,7.7,2066,0.49,"1","1","0","0",8490,"5","3",4160.1
"сухогруз",165.5,27,9.1,27321.6,8.7,856,0.76,"1","2","1","0",4484,"1","1",3407.84
"сухогруз",165.5,27,9.1,27321.6,7.3,699,0.54,"1","2","1","0",5211,"9","7",2813.94
"сухогруз",165.5,27,9.1,27321.6,7.3,2583,1.01,"0","2","1","0",7641,"3","1",7717.41
"сухогруз",165.5,27,9.1,27321.6,9.4,2723,1.2,"0","2","1","0",6810,"6","5",8172
"сухогруз",165.5,27,9.1,27321.6,7.9,2015,0.25,"0","0","0","4",7962,"8","7",1990.5
"сухогруз",165.5,27,9.1,27321.6,8.6,854,4.37,"0","2","0","9",586,"9","5",2560.82
"сухогруз",165.5,27,9.1,27321.6,9.1,1892,2.89,"1","2","1","8",3274,"2","0",9461.86
"сухогруз",165.5,27,9.1,27321.6,9.9,1569,1.76,"0","1","1","0",1787,"9","6",3145.12
"сухогруз",165.5,27,9.1,27321.6,7.7,106,0.03,"0","0","1","4",7750,"9","6",232.5
"сухогруз",165.5,27,9.1,27321.6,9.9,558,0.26,"0","1","1","0",4288,"8","5",1114.88
"сухогруз",165.5,27,9.1,27321.6,8.4,2191,1.36,"1","0","0","0",1606,"5","2",2184.16
"сухогруз",165.5,27,9.1,27321.6,9.2,2474,1.26,"0","1","1","0",3924,"0","4",4944.24
"сухогруз",165.5,27,9.1,27321.6,8.6,1718,0.53,"0","0","1","0",3270,"2","4",1733.1
"сухогруз",165.5,27,9.1,27321.6,8.1,1494,0.92,"1","2","0","8",6492,"6","7",5972.64
"сухогруз",165.5,27,9.1,27321.6,8.8,1242,1.57,"1","0","0","4",1583,"1","2",2485.31
"сухогруз",165.5,27,9.1,27321.6,7.6,1320,2.47,"1","1","1","0",1602,"9","6",3956.94
"сухогруз",165.5,27,9.1,27321.6,7.6,2584,5.58,"1","2","1","0",1851,"2","3",10328.58
"сухогруз",165.5,27,9.1,27321.6,8,2042,2.17,"0","2","1","0",2827,"6","5",6134.59
"сухогруз",165.5,27,9.1,27321.6,7.2,900,0.3,"1","1","1","0",8905,"8","6",2671.5
"сухогруз",165.5,27,9.1,27321.6,7.8,1597,0.88,"1","1","0","4",5443,"5","3",4789.84
"сухогруз",165.5,27,9.1,27321.6,7.5,2606,3.1,"1","1","1","0",2522,"3","0",7818.2
"сухогруз",165.5,27,9.1,27321.6,7.5,1396,1.58,"1","2","1","9",4411,"0","3",6969.38
"сухогруз",165.5,27,9.1,27321.6,8.5,1400,0.4,"0","0","1","0",3483,"0","2",1393.2
"сухогруз",165.5,27,9.1,27321.6,7.1,2022,3.15,"1","2","0","9",2566,"6","5",8082.9
"сухогруз",165.5,27,9.1,27321.6,8.2,1397,0.23,"0","0","1","0",5960,"7","5",1370.8
"сухогруз",165.5,27,9.1,27321.6,8.8,2662,0,"0","0","0","0",1691,"9","7",0
"сухогруз",165.5,27,9.1,27321.6,9.8,1721,0,"0","0","0","0",909,"8","6",0
"сухогруз",165.5,27,9.1,27321.6,9.1,1348,0.76,"0","1","1","4",5350,"2","4",4066
"сухогруз",165.5,27,9.1,27321.6,9.3,1760,0.24,"0","1","0","0",7324,"4","3",1757.76
"сухогруз",165.5,27,9.1,27321.6,9.7,683,0.4,"1","1","1","4",6862,"8","7",2744.8
"сухогруз",87.89,12.8,6,3729,8.3,277,0.14,"1","0","1","9",5783,"1","0",809.62
"сухогруз",87.89,12.8,6,3729,9.1,138,0.17,"1","0","1","0",1591,"8","7",270.47
"сухогруз",87.89,12.8,6,3729,7,355,0.17,"1","2","0","9",8549,"0","0",1453.33
"сухогруз",87.89,12.8,6,3729,9.5,142,0.04,"1","1","0","0",7433,"5","2",297.32
"сухогруз",87.89,12.8,6,3729,9.5,42,0.01,"0","0","0","9",8023,"8","6",80.23
"сухогруз",87.89,12.8,6,3729,7.1,289,0.04,"1","0","0","0",7472,"7","5",298.88
"сухогруз",87.89,12.8,6,3729,6.8,335,0.24,"0","2","0","0",2748,"1","1",659.52
"сухогруз",87.89,12.8,6,3729,8.9,346,0.15,"0","0","1","9",4677,"5","3",701.55
"сухогруз",87.89,12.8,6,3729,7.2,128,0.24,"0","1","1","0",1050,"2","3",252
"сухогруз",87.89,12.8,6,3729,7.2,299,0.3,"0","0","1","0",981,"9","7",294.3
"сухогруз",87.89,12.8,6,3729,7,198,0.1,"1","2","1","0",7673,"3","3",767.3
"сухогруз",87.89,12.8,6,3729,9.4,174,0.31,"1","2","0","9",2229,"8","7",690.99
"сухогруз",87.89,12.8,6,3729,7.6,365,0,"0","0","0","0",4896,"3","0",0
"сухогруз",87.89,12.8,6,3729,9.4,213,0.07,"1","1","0","9",8906,"8","6",623.42
"сухогруз",87.89,12.8,6,3729,7.3,276,0.38,"0","1","1","9",2171,"3","1",824.98
"сухогруз",87.89,12.8,6,3729,8.8,143,0.05,"0","1","1","0",5791,"7","5",289.55
"сухогруз",87.89,12.8,6,3729,7,259,0.15,"1","0","1","9",5253,"5","1",787.95
"сухогруз",87.89,12.8,6,3729,7,329,0.12,"1","0","0","0",2682,"0","3",321.84
"сухогруз",87.89,12.8,6,3729,9.5,204,0.06,"1","0","0","9",7361,"3","4",441.66
"сухогруз",87.89,12.8,6,3729,8.4,258,0.06,"0","0","1","0",4148,"9","6",248.88
"сухогруз",87.89,12.8,6,3729,9,312,0.16,"0","1","1","9",6021,"2","3",963.36
"сухогруз",87.89,12.8,6,3729,9.3,212,0.09,"0","1","0","8",4587,"9","7",412.83
"сухогруз",87.89,12.8,6,3729,8.8,313,0.17,"0","2","1","9",7426,"8","7",1262.42
"сухогруз",87.89,12.8,6,3729,7.1,284,0.11,"0","0","1","4",5041,"5","1",554.51
"сухогруз",87.89,12.8,6,3729,8.1,256,0.15,"0","2","0","0",3372,"7","6",505.8
"сухогруз",87.89,12.8,6,3729,7.2,234,0.21,"1","2","0","0",3419,"5","3",717.99
"сухогруз",87.89,12.8,6,3729,8.1,236,0.75,"1","2","1","4",1574,"9","5",1180.5
"сухогруз",87.89,12.8,6,3729,8.9,202,0.14,"1","1","1","8",5702,"2","1",798.28
"сухогруз",87.89,12.8,6,3729,8.4,45,0.03,"0","1","1","4",5048,"6","7",151.44
"сухогруз",87.89,12.8,6,3729,7,74,0.02,"0","1","1","0",7142,"8","7",142.84
"сухогруз",87.89,12.8,6,3729,8.1,98,0.12,"0","1","0","8",1689,"9","5",202.68
"сухогруз",87.89,12.8,6,3729,9.5,257,0.17,"0","0","1","9",3081,"3","1",523.77
"сухогруз",87.89,12.8,6,3729,7.9,270,1.26,"0","2","0","4",641,"0","2",807.66
"сухогруз",87.89,12.8,6,3729,9.2,215,0.05,"1","0","0","9",8153,"1","1",407.65
"сухогруз",87.89,12.8,6,3729,7.7,45,0.02,"0","2","0","9",7663,"9","7",153.26
"сухогруз",87.89,12.8,6,3729,7.5,209,0.36,"0","1","0","0",583,"3","4",209.88
"сухогруз",87.89,12.8,6,3729,7.1,79,0.02,"1","1","0","0",8028,"8","7",160.56
"сухогруз",87.89,12.8,6,3729,9.6,314,0.3,"1","0","0","9",2126,"2","3",637.8
"сухогруз",87.89,12.8,6,3729,9.2,202,0.15,"1","0","1","4",4068,"2","1",610.2
"сухогруз",87.89,12.8,6,3729,9.6,106,0.15,"0","2","1","0",2143,"2","1",321.45
"сухогруз",92.25,15,4.5,5300,9,393,0.27,"0","2","0","9",4352,"7","6",1175.04
"сухогруз",92.25,15,4.5,5300,9.2,27,0.06,"1","1","1","4",1679,"8","6",100.74
"сухогруз",92.25,15,4.5,5300,8.6,149,0.02,"0","0","0","4",6560,"7","7",131.2
"сухогруз",92.25,15,4.5,5300,9.1,258,0.03,"0","0","0","9",7658,"2","2",229.74
"сухогруз",92.25,15,4.5,5300,7.5,455,0.22,"1","2","0","0",6170,"2","2",1357.4
"сухогруз",92.25,15,4.5,5300,8.1,309,0.08,"0","1","0","0",4101,"0","0",328.08
"сухогруз",92.25,15,4.5,5300,9.7,387,0.52,"0","1","0","9",1492,"5","4",775.84
"сухогруз",92.25,15,4.5,5300,7.8,250,0.07,"1","0","0","0",3369,"5","3",235.83
"сухогруз",92.25,15,4.5,5300,9.8,265,0.16,"0","2","0","0",3284,"6","7",525.44
"сухогруз",92.25,15,4.5,5300,8.4,399,0.29,"0","2","0","9",4186,"0","1",1213.94
"сухогруз",92.25,15,4.5,5300,8.2,358,0.45,"0","2","0","0",1580,"0","2",711
"сухогруз",92.25,15,4.5,5300,7.7,446,0.31,"1","1","0","9",4250,"9","5",1317.5
"сухогруз",92.25,15,4.5,5300,8.9,505,0.2,"0","1","1","9",7609,"6","7",1521.8
"сухогруз",92.25,15,4.5,5300,9.9,108,0.02,"0","0","0","4",6948,"4","3",138.96
"сухогруз",92.25,15,4.5,5300,10,445,0.24,"1","1","1","0",5518,"0","0",1324.32
"сухогруз",92.25,15,4.5,5300,8.6,485,0.37,"0","2","1","0",3980,"6","7",1472.6
"сухогруз",92.25,15,4.5,5300,10.1,398,2.22,"0","1","1","9",538,"9","6",1194.36
"сухогруз",92.25,15,4.5,5300,8.7,448,1.1,"1","0","0","9",815,"1","1",896.5
"сухогруз",92.25,15,4.5,5300,9.8,155,0.07,"0","1","1","0",4595,"6","7",321.65
"сухогруз",92.25,15,4.5,5300,8.4,371,0.12,"1","0","1","0",6011,"9","5",721.32
"сухогруз",92.25,15,4.5,5300,8.8,404,0.24,"0","2","1","4",6723,"4","2",1613.52
"сухогруз",92.25,15,4.5,5300,9,145,0,"0","0","0","0",3029,"0","3",0
"сухогруз",92.25,15,4.5,5300,9.6,348,0.1,"0","1","1","0",7196,"7","6",719.6
"сухогруз",92.25,15,4.5,5300,8.2,47,0.06,"1","2","1","0",3262,"8","6",195.72
"сухогруз",92.25,15,4.5,5300,8,403,1.21,"1","1","0","8",1001,"9","6",1211.21
"сухогруз",92.25,15,4.5,5300,9.1,252,0.09,"0","0","0","9",2889,"7","6",260.01
"сухогруз",92.25,15,4.5,5300,7.6,462,0.35,"1","0","1","9",3961,"5","2",1386.35
"сухогруз",92.25,15,4.5,5300,9.4,197,0.15,"0","2","0","4",3827,"4","1",574.05
"сухогруз",92.25,15,4.5,5300,10.4,77,0.02,"0","0","1","0",4578,"4","0",91.56
"сухогруз",92.25,15,4.5,5300,7.9,470,0.31,"1","2","1","9",7559,"8","6",2343.29
"сухогруз",92.25,15,4.5,5300,9.4,39,0.06,"1","2","1","4",3348,"0","4",200.88
"сухогруз",92.25,15,4.5,5300,8.4,260,0.47,"0","1","1","0",1110,"5","3",521.7
"сухогруз",92.25,15,4.5,5300,10.1,95,0.12,"0","2","0","9",2406,"3","0",288.72
"сухогруз",92.25,15,4.5,5300,8.2,272,1.16,"1","1","0","8",701,"4","2",813.16
"сухогруз",92.25,15,4.5,5300,8.6,421,0,"0","0","0","0",5528,"8","5",0
"сухогруз",92.25,15,4.5,5300,8.5,187,0.11,"0","1","1","0",3431,"1","3",377.41
"сухогруз",92.25,15,4.5,5300,8.2,369,0.15,"0","0","1","8",4839,"0","3",725.85
"сухогруз",92.25,15,4.5,5300,9.9,300,0.11,"0","0","1","9",5286,"8","5",581.46
"сухогруз",92.25,15,4.5,5300,10.3,512,0.54,"1","2","1","9",4705,"9","6",2540.7
"сухогруз",92.25,15,4.5,5300,10.3,40,0.01,"0","1","0","4",7319,"4","3",73.19
"сухогруз",228.99,32.26,7.2,82099.3,7.6,799,0.18,"0","1","0","9",8993,"5","4",1618.74
"сухогруз",228.99,32.26,7.2,82099.3,8.3,3620,8.02,"1","1","0","9",1354,"9","6",10859.08
"сухогруз",228.99,32.26,7.2,82099.3,7.7,3436,2.87,"1","2","1","0",4788,"2","2",13741.56
"сухогруз",228.99,32.26,7.2,82099.3,7.6,6327,2.42,"0","0","0","4",2614,"7","5",6325.88
"сухогруз",228.99,32.26,7.2,82099.3,8.7,331,0.06,"0","1","0","0",5640,"5","1",338.4
"сухогруз",228.99,32.26,7.2,82099.3,7,358,0.28,"1","1","1","8",5180,"6","6",1450.4
"сухогруз",228.99,32.26,7.2,82099.3,8,3615,20.45,"0","2","1","4",707,"3","4",14458.15
"сухогруз",228.99,32.26,7.2,82099.3,6.2,2290,5.85,"1","2","1","0",1566,"0","1",9161.1
"сухогруз",228.99,32.26,7.2,82099.3,8,1518,0.65,"1","0","1","9",7045,"9","6",4579.25
"сухогруз",228.99,32.26,7.2,82099.3,6.7,1451,1.01,"0","0","0","4",1437,"1","0",1451.37
"сухогруз",228.99,32.26,7.2,82099.3,7.3,6805,5.77,"0","1","1","0",2360,"2","4",13617.2
"сухогруз",228.99,32.26,7.2,82099.3,7.3,5101,0.57,"0","1","0","0",8898,"9","5",5071.86
"сухогруз",228.99,32.26,7.2,82099.3,8.9,7963,11.08,"0","0","0","9",719,"9","7",7966.52
"сухогруз",228.99,32.26,7.2,82099.3,8.1,7812,4.15,"1","0","0","4",3764,"8","6",15620.6
"сухогруз",228.99,32.26,7.2,82099.3,7.2,6544,2.22,"1","0","1","4",8852,"0","4",19651.44
"сухогруз",228.99,32.26,7.2,82099.3,9,1507,5.98,"1","2","1","4",1261,"2","0",7540.78
"сухогруз",228.99,32.26,7.2,82099.3,8.6,5842,13.52,"1","1","1","4",1728,"8","7",23362.56
"сухогруз",228.99,32.26,7.2,82099.3,7.7,4903,0,"0","0","0","0",4797,"0","3",0
"сухогруз",228.99,32.26,7.2,82099.3,7.1,6652,15.36,"0","2","0","0",866,"9","6",13301.76
"сухогруз",228.99,32.26,7.2,82099.3,6.3,890,4.2,"1","2","1","4",1060,"5","2",4452
"сухогруз",228.99,32.26,7.2,82099.3,7.5,7665,0,"0","0","0","0",7692,"9","6",0
"сухогруз",228.99,32.26,7.2,82099.3,8.2,7556,2.93,"1","1","0","0",5166,"3","4",15136.38
"сухогруз",228.99,32.26,7.2,82099.3,7.6,4242,2.17,"1","1","1","4",7814,"1","3",16956.38
"сухогруз",228.99,32.26,7.2,82099.3,7,2589,2.43,"1","1","1","0",3192,"1","4",7756.56
"сухогруз",228.99,32.26,7.2,82099.3,8,3861,0,"0","0","0","0",1337,"2","2",0
"сухогруз",228.99,32.26,7.2,82099.3,6.4,7858,1.67,"0","0","0","8",4714,"9","5",7872.38
"сухогруз",228.99,32.26,7.2,82099.3,7.2,3831,0.68,"0","0","1","0",5633,"9","7",3830.44
"сухогруз",228.99,32.26,7.2,82099.3,6.4,8137,18.18,"0","2","1","9",1790,"0","2",32542.2
"сухогруз",228.99,32.26,7.2,82099.3,6.7,941,0.28,"0","2","0","0",6811,"4","1",1907.08
"сухогруз",228.99,32.26,7.2,82099.3,7.8,147,0.05,"1","1","0","0",6351,"0","2",317.55
"сухогруз",228.99,32.26,7.2,82099.3,8.4,6428,3.15,"1","2","0","9",8173,"4","1",25744.95
"сухогруз",228.99,32.26,7.2,82099.3,6.6,6006,4.72,"1","1","0","9",3821,"0","3",18035.12
"сухогруз",228.99,32.26,7.2,82099.3,7.1,4624,0.98,"0","1","0","0",4696,"8","7",4602.08
"сухогруз",228.99,32.26,7.2,82099.3,8,1464,0.73,"1","1","0","8",6020,"7","5",4394.6
"сухогруз",228.99,32.26,7.2,82099.3,6.2,3026,2.7,"0","1","1","0",2245,"2","1",6061.5
"сухогруз",228.99,32.26,7.2,82099.3,7,2498,0.73,"1","1","0","0",6798,"5","0",4962.54
"сухогруз",228.99,32.26,7.2,82099.3,8.8,544,0.77,"1","2","1","9",3547,"4","0",2731.19
"сухогруз",228.99,32.26,7.2,82099.3,6.7,7028,7.57,"1","0","1","8",2785,"1","0",21082.45
"сухогруз",228.99,32.26,7.2,82099.3,9,6255,2.55,"1","0","1","0",4898,"0","3",12489.9
"сухогруз",228.99,32.26,7.2,82099.3,6.1,7033,1.47,"1","0","0","0",4779,"9","5",7025.13
"сухогруз",75,10.7,3.3,1750,8.2,108,0.05,"1","2","1","0",8859,"9","5",442.95
"сухогруз",75,10.7,3.3,1750,6.9,5,0,"1","0","0","9",8395,"5","1",0
"сухогруз",75,10.7,3.3,1750,8.6,144,0.08,"1","0","1","0",3805,"7","6",304.4
"сухогруз",75,10.7,3.3,1750,9,146,0.11,"0","2","1","0",4107,"3","1",451.77
"сухогруз",75,10.7,3.3,1750,9.6,85,0.18,"0","0","1","4",956,"6","7",172.08
"сухогруз",75,10.7,3.3,1750,7.2,4,0,"0","0","1","0",7860,"1","2",0
"сухогруз",75,10.7,3.3,1750,9.4,98,0.05,"1","2","0","0",6424,"6","5",321.2
"сухогруз",75,10.7,3.3,1750,8,33,0.01,"0","1","0","9",7020,"0","0",70.2
"сухогруз",75,10.7,3.3,1750,7.6,68,0.01,"0","0","1","0",6359,"5","1",63.59
"сухогруз",75,10.7,3.3,1750,9.2,65,0.09,"0","2","1","0",2231,"6","7",200.79
"сухогруз",75,10.7,3.3,1750,7.3,47,0,"0","0","0","0",4870,"2","3",0
"сухогруз",75,10.7,3.3,1750,7.7,67,0.03,"1","1","1","9",8357,"1","4",250.71
"сухогруз",75,10.7,3.3,1750,9.6,109,0.05,"1","0","0","8",4819,"6","6",240.95
"сухогруз",75,10.7,3.3,1750,9.6,119,0.02,"0","1","0","0",4823,"8","5",96.46
"сухогруз",75,10.7,3.3,1750,6.7,20,0.07,"0","2","1","4",1132,"0","3",79.24
"сухогруз",75,10.7,3.3,1750,9.5,43,0.03,"1","1","0","0",2540,"0","3",76.2
"сухогруз",75,10.7,3.3,1750,9.7,81,0.05,"1","2","0","0",5397,"2","1",269.85
"сухогруз",75,10.7,3.3,1750,8.4,12,0.01,"0","1","1","0",4201,"0","2",42.01
"сухогруз",75,10.7,3.3,1750,8.8,83,0.05,"1","2","1","4",7751,"5","1",387.55
"сухогруз",75,10.7,3.3,1750,7.7,142,0.07,"1","2","0","9",7873,"4","0",551.11
"сухогруз",75,10.7,3.3,1750,8.3,53,0.14,"0","2","1","0",1122,"0","2",157.08
"сухогруз",75,10.7,3.3,1750,9.4,174,0.04,"0","0","1","8",8231,"9","7",329.24
"сухогруз",75,10.7,3.3,1750,7.1,146,0.11,"1","2","0","0",3977,"6","5",437.47
"сухогруз",75,10.7,3.3,1750,8.6,23,0.01,"1","0","0","4",6306,"9","5",63.06
"сухогруз",75,10.7,3.3,1750,9.2,85,0.1,"1","1","1","0",2656,"8","6",265.6
"сухогруз",75,10.7,3.3,1750,8.1,60,0.04,"1","1","0","0",3398,"4","4",135.92
"сухогруз",75,10.7,3.3,1750,9.5,40,0.02,"1","2","0","0",5542,"0","3",110.84
"сухогруз",75,10.7,3.3,1750,8.9,158,0.03,"0","1","0","0",5643,"7","6",169.29
"сухогруз",75,10.7,3.3,1750,7.3,139,0,"0","0","0","0",5999,"1","0",0
"сухогруз",75,10.7,3.3,1750,7.7,168,0.09,"0","2","1","0",5658,"8","6",509.22
"сухогруз",75,10.7,3.3,1750,7.2,67,0.01,"0","0","0","4",6677,"6","7",66.77
"сухогруз",75,10.7,3.3,1750,7.2,87,0.11,"1","1","0","0",1628,"4","3",179.08
"сухогруз",75,10.7,3.3,1750,8.8,91,0.02,"1","0","0","0",4448,"8","6",88.96
"сухогруз",75,10.7,3.3,1750,9.7,127,0.08,"1","0","1","0",3383,"7","5",270.64
"сухогруз",75,10.7,3.3,1750,9.4,38,0.02,"0","1","1","9",7021,"0","0",140.42
"сухогруз",75,10.7,3.3,1750,8,4,0,"0","1","1","0",3319,"5","2",0
"сухогруз",75,10.7,3.3,1750,7.2,28,0.02,"1","0","0","0",1139,"0","4",22.78
"сухогруз",75,10.7,3.3,1750,7.1,99,0.16,"0","2","1","0",1861,"0","0",297.76
"сухогруз",75,10.7,3.3,1750,7.3,173,0.13,"1","2","1","0",5222,"8","5",678.86
"сухогруз",75,10.7,3.3,1750,8,15,0.01,"1","1","1","4",7154,"6","5",71.54
"сухогруз",199.99,32.26,7.4,63200,6,4653,3.31,"1","0","1","0",2808,"2","1",9294.48
"сухогруз",199.99,32.26,7.4,63200,7.1,2201,2.32,"1","1","1","0",2841,"7","7",6591.12
"сухогруз",199.99,32.26,7.4,63200,5.4,3290,4.61,"1","1","0","9",2141,"2","0",9870.01
"сухогруз",199.99,32.26,7.4,63200,4.7,3265,2.28,"1","0","1","9",4294,"8","7",9790.32
"сухогруз",199.99,32.26,7.4,63200,6.6,3631,0,"0","0","0","0",2216,"1","1",0
"сухогруз",199.99,32.26,7.4,63200,5.8,1032,1.4,"1","2","1","0",2957,"3","3",4139.8
"сухогруз",199.99,32.26,7.4,63200,5.8,2449,1.36,"0","0","0","8",1806,"8","6",2456.16
"сухогруз",199.99,32.26,7.4,63200,5.6,2039,0.9,"1","0","0","9",4533,"3","1",4079.7
"сухогруз",199.99,32.26,7.4,63200,6.4,5391,17.25,"0","0","1","9",625,"0","2",10781.25
"сухогруз",199.99,32.26,7.4,63200,6.3,1888,0.57,"1","0","1","0",6621,"3","0",3773.97
"сухогруз",199.99,32.26,7.4,63200,4.8,4812,2.5,"0","2","1","9",7689,"5","3",19222.5
"сухогруз",199.99,32.26,7.4,63200,7.3,3493,1.14,"0","0","1","0",3074,"8","6",3504.36
"сухогруз",199.99,32.26,7.4,63200,5.9,200,0.05,"0","0","0","4",3651,"4","1",182.55
"сухогруз",199.99,32.26,7.4,63200,6.3,3978,23.2,"1","1","1","9",686,"4","2",15915.2
"сухогруз",199.99,32.26,7.4,63200,6.4,5400,4.03,"0","2","0","0",2683,"6","5",10812.49
"сухогруз",199.99,32.26,7.4,63200,5.8,4862,1.76,"1","2","0","0",8271,"8","7",14556.96
"сухогруз",199.99,32.26,7.4,63200,5.5,5482,1.92,"1","0","0","0",2849,"7","5",5470.08
"сухогруз",199.99,32.26,7.4,63200,7.1,5537,0,"0","0","0","0",6809,"3","4",0
"сухогруз",199.99,32.26,7.4,63200,4.5,6056,2.71,"0","2","1","9",8939,"4","2",24224.69
"сухогруз",199.99,32.26,7.4,63200,5.3,1519,0.79,"1","2","1","0",7737,"0","0",6112.23
"сухогруз",199.99,32.26,7.4,63200,5.6,5626,13.02,"0","1","1","0",864,"4","4",11249.28
"сухогруз",199.99,32.26,7.4,63200,6.2,3166,3.96,"0","1","1","8",2400,"3","2",9504
"сухогруз",199.99,32.26,7.4,63200,6.1,1127,0.26,"1","1","0","0",8632,"6","6",2244.32
"сухогруз",199.99,32.26,7.4,63200,5,3741,18.94,"1","2","0","4",790,"0","1",14962.6
"сухогруз",199.99,32.26,7.4,63200,6.6,3477,4.04,"1","1","1","4",3445,"4","4",13917.8
"сухогруз",199.99,32.26,7.4,63200,7.3,248,0.24,"1","2","0","0",3106,"9","7",745.44
"сухогруз",199.99,32.26,7.4,63200,4.7,6035,2.06,"1","2","0","0",8802,"8","6",18132.12
"сухогруз",199.99,32.26,7.4,63200,5.7,1234,0.71,"0","2","1","4",6964,"9","6",4944.44
"сухогруз",199.99,32.26,7.4,63200,4.7,3066,0.53,"0","0","0","4",5812,"1","4",3080.36
"сухогруз",199.99,32.26,7.4,63200,6.3,5262,1.84,"0","0","1","9",5734,"1","3",10550.56
"сухогруз",199.99,32.26,7.4,63200,5.3,600,0.6,"0","2","0","0",1986,"1","2",1191.6
"сухогруз",199.99,32.26,7.4,63200,6.8,4707,1.07,"0","0","0","4",4393,"5","0",4700.51
"сухогруз",199.99,32.26,7.4,63200,7,554,0.53,"0","2","1","9",4156,"1","0",2202.68
"сухогруз",199.99,32.26,7.4,63200,7.3,65,0.03,"0","2","1","9",8763,"3","2",262.89
"сухогруз",199.99,32.26,7.4,63200,5.1,3611,2.3,"1","0","1","0",3141,"9","6",7224.3
"сухогруз",199.99,32.26,7.4,63200,5,6258,7.12,"0","1","1","4",2638,"9","6",18782.56
"сухогруз",199.99,32.26,7.4,63200,6.4,5855,4.63,"1","0","1","9",3790,"6","6",17547.7
"сухогруз",199.99,32.26,7.4,63200,5.7,2617,0.93,"1","1","1","0",8437,"7","7",7846.41
"сухогруз",199.99,32.26,7.4,63200,5.2,2740,0.83,"0","0","0","4",3305,"5","2",2743.15
"сухогруз",199.99,32.26,7.4,63200,4.5,1412,0.73,"1","2","1","0",7764,"5","0",5667.72
"сухогруз",274.6,40,9.9,77414,13.1,3135,24.34,"1","2","1","9",644,"8","6",15674.96
"сухогруз",274.6,40,9.9,77414,12.5,703,1.07,"0","2","1","0",1976,"9","7",2114.32
"сухогруз",274.6,40,9.9,77414,12.4,4764,2.02,"1","1","1","0",7091,"9","5",14323.82
"сухогруз",274.6,40,9.9,77414,12.9,1002,0.24,"1","0","1","0",8263,"4","0",1983.12
"сухогруз",274.6,40,9.9,77414,14.3,7717,3.41,"0","2","0","0",4523,"4","4",15423.43
"сухогруз",274.6,40,9.9,77414,12.6,222,0.06,"0","0","1","0",3814,"1","4",228.84
"сухогруз",274.6,40,9.9,77414,13,2393,1.98,"1","1","0","9",3625,"4","2",7177.5
"сухогруз",274.6,40,9.9,77414,12.2,2000,7.01,"0","2","1","4",1142,"8","5",8005.42
"сухогруз",274.6,40,9.9,77414,11.9,1582,1.03,"1","1","1","9",6139,"3","3",6323.17
"сухогруз",274.6,40,9.9,77414,11.9,4045,4.24,"0","0","1","4",1907,"3","3",8085.68
"сухогруз",274.6,40,9.9,77414,13.2,4759,2.46,"1","2","1","0",7750,"3","4",19065
"сухогруз",274.6,40,9.9,77414,14,3662,4.56,"1","0","0","9",1607,"0","1",7327.92
"сухогруз",274.6,40,9.9,77414,12.2,2839,0.36,"0","1","0","0",7916,"5","3",2849.76
"сухогруз",274.6,40,9.9,77414,12.1,4075,9.81,"0","2","1","8",1662,"4","0",16304.22
"сухогруз",274.6,40,9.9,77414,11.7,973,0.38,"1","1","0","0",5188,"5","0",1971.44
"сухогруз",274.6,40,9.9,77414,13.7,6589,9.78,"1","2","1","9",3369,"3","2",32948.82
"сухогруз",274.6,40,9.9,77414,13,7393,2.95,"0","2","1","0",7521,"8","6",22186.95
"сухогруз",274.6,40,9.9,77414,11.7,1092,3.29,"1","2","0","0",995,"9","6",3273.55
"сухогруз",274.6,40,9.9,77414,13.7,1965,0.22,"1","0","0","0",8935,"8","7",1965.7
"сухогруз",274.6,40,9.9,77414,14.1,5468,3.73,"1","0","0","9",2928,"3","1",10921.44
"сухогруз",274.6,40,9.9,77414,12.8,4016,0.5,"0","1","0","0",8009,"8","7",4004.5
"сухогруз",274.6,40,9.9,77414,13,4332,11.57,"0","1","1","9",1123,"9","5",12993.11
"сухогруз",274.6,40,9.9,77414,13.4,3956,0.57,"0","0","0","9",6971,"1","0",3973.47
"сухогруз",274.6,40,9.9,77414,13.7,4179,0.69,"0","0","0","4",6034,"2","4",4163.46
"сухогруз",274.6,40,9.9,77414,14.6,6714,1.53,"0","2","0","0",8784,"7","7",13439.52
"сухогруз",274.6,40,9.9,77414,13.6,4119,1.05,"0","1","0","4",7855,"3","3",8247.75
"сухогруз",274.6,40,9.9,77414,12.9,1159,0.44,"0","2","0","4",7879,"0","1",3466.76
"сухогруз",274.6,40,9.9,77414,12.8,985,0.27,"1","1","0","0",7406,"2","0",1999.62
"сухогруз",274.6,40,9.9,77414,14.3,4895,1.86,"0","2","0","0",5260,"7","5",9783.6
"сухогруз",274.6,40,9.9,77414,11.6,4555,1.84,"1","0","0","9",4961,"3","0",9128.24
"сухогруз",274.6,40,9.9,77414,12.7,1844,5.17,"1","1","1","0",1069,"9","5",5526.73
"сухогруз",274.6,40,9.9,77414,12.5,941,1.39,"1","1","1","9",2709,"3","2",3765.51
"сухогруз",274.6,40,9.9,77414,13.9,159,0.18,"0","2","0","0",1748,"7","5",314.64
"сухогруз",274.6,40,9.9,77414,13.1,3815,10.4,"0","2","1","4",1468,"6","5",15267.2
"сухогруз",274.6,40,9.9,77414,14,3350,8.24,"1","0","1","4",1219,"5","3",10044.56
"сухогруз",274.6,40,9.9,77414,14.1,3603,0,"0","0","0","0",4448,"1","1",0
"сухогруз",274.6,40,9.9,77414,12.1,555,0.21,"1","0","1","9",7995,"5","2",1678.95
"сухогруз",274.6,40,9.9,77414,12.5,3688,2.14,"1","0","0","9",3443,"9","5",7368.02
"сухогруз",274.6,40,9.9,77414,12.5,962,0.28,"0","0","1","4",6777,"0","3",1897.56
"сухогруз",274.6,40,9.9,77414,11.6,7272,13.21,"0","2","1","0",1651,"2","3",21809.71
"сухогруз",366.06,48.23,14.1,153514,6.6,7558,1.42,"1","0","0","0",5316,"0","4",7548.72
"сухогруз",366.06,48.23,14.1,153514,5.7,7173,8.05,"1","2","1","0",3566,"9","6",28706.3
"сухогруз",366.06,48.23,14.1,153514,7.5,4620,4.56,"1","2","0","8",4054,"9","5",18486.24
"сухогруз",366.06,48.23,14.1,153514,7.2,2213,0.56,"0","0","0","9",3933,"5","4",2202.48
"сухогруз",366.06,48.23,14.1,153514,6.6,11808,4.97,"0","2","0","0",4747,"9","6",23592.59
"сухогруз",366.06,48.23,14.1,153514,7,4491,2.58,"0","2","0","0",3487,"4","2",8996.46
"сухогруз",366.06,48.23,14.1,153514,7.2,1595,0.4,"0","1","0","4",8075,"6","5",3230
"сухогруз",366.06,48.23,14.1,153514,7.6,1099,0.4,"0","2","1","0",8305,"3","2",3322
"сухогруз",366.06,48.23,14.1,153514,5.5,2114,2.88,"1","1","1","4",2938,"4","4",8461.44
"сухогруз",366.06,48.23,14.1,153514,7.2,6559,3.15,"1","1","1","9",8340,"7","7",26271
"сухогруз",366.06,48.23,14.1,153514,7.8,6733,2.67,"1","0","1","9",7574,"1","1",20222.58
"сухогруз",366.06,48.23,14.1,153514,7,11593,2.12,"1","0","0","0",5479,"6","5",11615.48
"сухогруз",366.06,48.23,14.1,153514,7.1,782,0.57,"1","1","1","0",4110,"4","4",2342.7
"сухогруз",366.06,48.23,14.1,153514,8.1,8883,1.39,"0","1","0","0",6402,"9","5",8898.78
"сухогруз",366.06,48.23,14.1,153514,7.2,9865,3.74,"1","2","0","0",7908,"9","7",29575.92
"сухогруз",366.06,48.23,14.1,153514,6.4,732,0.46,"1","2","0","4",6400,"3","4",2944
"сухогруз",366.06,48.23,14.1,153514,5.5,9821,7.1,"0","2","0","0",2768,"8","7",19652.8
"сухогруз",366.06,48.23,14.1,153514,6,3163,0.67,"0","0","1","0",4739,"0","0",3175.13
"сухогруз",366.06,48.23,14.1,153514,5.2,10605,2.72,"0","0","1","4",7804,"3","0",21226.88
"сухогруз",366.06,48.23,14.1,153514,5.7,2866,4.96,"1","1","1","9",2311,"0","0",11462.56
"сухогруз",366.06,48.23,14.1,153514,5.8,6298,1.36,"0","0","1","0",4614,"4","3",6275.04
"сухогруз",366.06,48.23,14.1,153514,7.1,10899,7.7,"1","2","1","4",7075,"0","2",54477.5
"сухогруз",366.06,48.23,14.1,153514,5.8,4426,0.49,"0","0","0","4",8946,"8","6",4383.54
"сухогруз",366.06,48.23,14.1,153514,8.1,13226,1.99,"1","0","0","0",6662,"2","2",13257.38
"сухогруз",366.06,48.23,14.1,153514,6.8,4879,2.56,"1","2","0","0",5711,"6","7",14620.16
"сухогруз",366.06,48.23,14.1,153514,7.5,11211,8.32,"0","1","1","4",4043,"3","2",33637.76
"сухогруз",366.06,48.23,14.1,153514,5.2,6600,4.41,"1","1","1","9",5993,"3","2",26429.13
"сухогруз",366.06,48.23,14.1,153514,7.5,6019,2.5,"0","2","0","0",4811,"4","3",12027.5
"сухогруз",366.06,48.23,14.1,153514,5.1,4746,1.23,"0","0","1","0",3869,"0","0",4758.87
"сухогруз",366.06,48.23,14.1,153514,7,3599,9.06,"0","2","1","0",1192,"7","5",10799.52
"сухогруз",366.06,48.23,14.1,153514,8.1,3284,13.74,"0","2","1","8",956,"1","2",13135.44
"сухогруз",366.06,48.23,14.1,153514,6.7,1815,2.63,"1","0","0","9",1378,"9","7",3624.14
"сухогруз",366.06,48.23,14.1,153514,5.4,5031,1.47,"0","0","1","0",3412,"2","1",5015.64
"сухогруз",366.06,48.23,14.1,153514,6,8576,2.94,"0","1","0","0",2916,"6","5",8573.04
"сухогруз",366.06,48.23,14.1,153514,7.8,6299,3.17,"1","1","0","9",5966,"8","5",18912.22
"сухогруз",366.06,48.23,14.1,153514,6.7,7213,6.74,"1","0","0","9",2140,"6","7",14423.6
"сухогруз",153.08,23,5.8,21118,10.1,360,0.07,"0","0","0","4",5176,"3","3",362.32
"сухогруз",153.08,23,5.8,21118,9.9,1531,10.21,"1","1","1","9",600,"6","6",6126
"сухогруз",153.08,23,5.8,21118,10,1161,1.84,"1","2","0","0",1895,"6","6",3486.8
"сухогруз",153.08,23,5.8,21118,11.5,80,0.25,"1","2","1","0",1273,"0","3",318.25
"сухогруз",153.08,23,5.8,21118,11.3,1194,2.49,"0","2","0","0",959,"4","0",2387.91
"сухогруз",153.08,23,5.8,21118,9.5,1939,1.2,"1","2","0","0",4849,"1","3",5818.8
"сухогруз",153.08,23,5.8,21118,9.6,1292,0.37,"0","2","0","0",7008,"8","6",2592.96
"сухогруз",153.08,23,5.8,21118,11.4,485,0.32,"0","2","1","9",6158,"0","0",1970.56
"сухогруз",153.08,23,5.8,21118,10.3,1968,0.56,"0","1","1","0",7043,"7","5",3944.08
"сухогруз",153.08,23,5.8,21118,9.2,999,0.27,"1","0","0","0",3730,"9","6",1007.1
"сухогруз",153.08,23,5.8,21118,11.1,1325,4.23,"1","0","1","0",626,"0","3",2647.98
"сухогруз",153.08,23,5.8,21118,10,104,0.02,"0","0","1","0",5196,"5","1",103.92
"сухогруз",153.08,23,5.8,21118,8.8,320,0.2,"0","2","1","9",6420,"0","3",1284
"сухогруз",153.08,23,5.8,21118,9.4,1188,2.17,"1","1","0","9",1646,"9","5",3571.82
"сухогруз",153.08,23,5.8,21118,9.4,88,0.06,"1","0","1","4",4305,"1","0",258.3
"сухогруз",153.08,23,5.8,21118,10.5,1497,0.78,"0","0","1","0",1929,"7","6",1504.62
"сухогруз",153.08,23,5.8,21118,10,848,2.25,"1","2","0","4",1505,"8","7",3386.25
"сухогруз",153.08,23,5.8,21118,9.1,106,0.12,"1","2","1","8",4343,"5","3",521.16
"сухогруз",153.08,23,5.8,21118,9.1,983,1.56,"0","1","1","9",1887,"6","7",2943.72
"сухогруз",153.08,23,5.8,21118,10.6,133,0.05,"1","0","1","9",8698,"8","5",434.9
"сухогруз",153.08,23,5.8,21118,10.6,406,0.3,"0","2","1","0",3995,"7","6",1198.5
"сухогруз",153.08,23,5.8,21118,10.5,1205,0.31,"0","0","0","8",3923,"6","7",1216.13
"сухогруз",153.08,23,5.8,21118,10,263,0.19,"0","2","1","4",5505,"7","5",1045.95
"сухогруз",153.08,23,5.8,21118,10.1,757,1.57,"0","0","1","4",967,"8","5",1518.19
"сухогруз",153.08,23,5.8,21118,10,1213,0.79,"1","1","1","9",6154,"4","1",4861.66
"сухогруз",153.08,23,5.8,21118,9.1,1486,0.77,"1","0","1","0",3872,"1","3",2981.44
"сухогруз",153.08,23,5.8,21118,9.4,1721,3.33,"1","2","0","9",2070,"5","0",6893.1
"сухогруз",153.08,23,5.8,21118,9.9,324,0.1,"0","1","0","4",6590,"6","6",659
"сухогруз",153.08,23,5.8,21118,11.3,526,0.49,"0","2","1","8",4289,"8","6",2101.61
"сухогруз",153.08,23,5.8,21118,9.7,1941,1.75,"0","2","0","9",3326,"0","3",5820.5
"сухогруз",153.08,23,5.8,21118,11.5,1228,3.11,"1","2","0","4",1578,"5","4",4907.58
"сухогруз",153.08,23,5.8,21118,10.7,1470,0.54,"0","2","0","0",5478,"5","0",2958.12
"сухогруз",153.08,23,5.8,21118,9.3,168,0.02,"0","0","1","0",8624,"8","6",172.48
"сухогруз",153.08,23,5.8,21118,11.1,439,0.7,"0","1","1","9",1878,"1","0",1314.6
"сухогруз",153.08,23,5.8,21118,10.7,1124,0.35,"0","0","1","8",6470,"0","1",2264.5
"сухогруз",153.08,23,5.8,21118,10.5,591,0.22,"0","1","1","0",5365,"7","6",1180.3
"сухогруз",153.08,23,5.8,21118,10.3,1693,0.46,"0","0","0","9",3669,"4","0",1687.74
"сухогруз",153.08,23,5.8,21118,11.4,313,0.18,"0","0","1","9",3458,"8","6",622.44
"сухогруз",153.08,23,5.8,21118,9.3,850,0.29,"1","1","1","0",8717,"1","3",2527.93
"сухогруз",153.08,23,5.8,21118,11.4,1274,0.8,"1","2","1","4",8000,"1","0",6400
"сухогруз",178.04,28,5.4,35366,12.4,3477,4.33,"0","1","1","4",2411,"3","0",10439.63
"сухогруз",178.04,28,5.4,35366,12.9,2078,2.04,"0","2","1","0",3062,"7","6",6246.48
"сухогруз",178.04,28,5.4,35366,13,1500,1.08,"1","0","1","9",4183,"3","0",4517.64
"сухогруз",178.04,28,5.4,35366,12.9,399,0.36,"0","2","1","9",4477,"2","1",1611.72
"сухогруз",178.04,28,5.4,35366,13.2,2752,2.35,"0","0","1","0",1169,"6","6",2747.15
"сухогруз",178.04,28,5.4,35366,13.8,3401,6.94,"1","0","1","4",1471,"5","0",10208.74
"сухогруз",178.04,28,5.4,35366,11.1,1799,0.75,"0","1","0","0",2410,"6","5",1807.5
"сухогруз",178.04,28,5.4,35366,12.4,3204,0.39,"1","0","0","0",8123,"6","5",3167.97
"сухогруз",178.04,28,5.4,35366,13,1542,0.57,"1","0","1","0",5421,"8","6",3089.97
"сухогруз",178.04,28,5.4,35366,12.1,1147,0.44,"0","0","0","9",2615,"0","2",1150.6
"сухогруз",178.04,28,5.4,35366,11.5,3059,1.24,"0","2","0","8",7430,"1","3",9213.2
"сухогруз",178.04,28,5.4,35366,13.7,1253,1.64,"1","1","0","4",2294,"4","1",3762.16
"сухогруз",178.04,28,5.4,35366,13.4,1741,1.1,"1","1","1","9",6327,"1","1",6959.7
"сухогруз",178.04,28,5.4,35366,13.2,318,0.13,"0","0","1","4",5067,"9","6",658.71
"сухогруз",178.04,28,5.4,35366,12.3,944,1.1,"1","0","1","4",2572,"8","6",2829.2
"сухогруз",178.04,28,5.4,35366,13.9,1377,0.69,"1","0","1","0",3966,"1","1",2736.54
"сухогруз",178.04,28,5.4,35366,13.4,2378,0.68,"0","1","0","9",7042,"7","6",4788.56
"сухогруз",178.04,28,5.4,35366,11.4,2165,1.16,"1","1","0","0",3738,"4","0",4336.08
"сухогруз",178.04,28,5.4,35366,13.6,1408,1.3,"1","0","0","0",1079,"5","1",1402.7
"сухогруз",178.04,28,5.4,35366,12.4,2916,0.51,"0","0","1","0",5749,"6","5",2931.99
"сухогруз",178.04,28,5.4,35366,13.1,634,0.15,"0","0","1","0",4192,"0","1",628.8
"сухогруз",178.04,28,5.4,35366,11.9,3027,3.84,"1","0","0","4",1576,"0","0",6051.84
"сухогруз",178.04,28,5.4,35366,13.8,3220,0.87,"1","1","0","0",7420,"0","2",6455.4
"сухогруз",178.04,28,5.4,35366,13.2,2778,10.64,"0","1","0","4",522,"5","1",5554.08
"сухогруз",178.04,28,5.4,35366,13.1,799,0.2,"1","0","1","0",7998,"5","2",1599.6
"сухогруз",178.04,28,5.4,35366,11.5,2519,1.43,"1","2","1","4",8784,"0","0",12561.12
"сухогруз",178.04,28,5.4,35366,13.4,1144,0,"0","0","0","0",6350,"6","5",0
"сухогруз",178.04,28,5.4,35366,12.8,999,0.25,"1","1","0","0",8122,"2","3",2030.5
"сухогруз",178.04,28,5.4,35366,11.4,19,0.01,"0","2","1","9",8849,"4","1",88.49
"сухогруз",178.04,28,5.4,35366,11.7,510,0.62,"1","2","1","0",3301,"4","4",2046.62
"сухогруз",178.04,28,5.4,35366,13,1173,1.2,"1","2","0","0",2929,"7","5",3514.8
"сухогруз",178.04,28,5.4,35366,13.6,3477,1.69,"1","2","1","0",8224,"3","0",13898.56
"сухогруз",178.04,28,5.4,35366,12.5,743,0.51,"0","2","0","9",4380,"5","0",2233.8
"сухогруз",178.04,28,5.4,35366,11.7,465,0,"0","0","0","0",7267,"5","1",0
"сухогруз",178.04,28,5.4,35366,13.8,871,1.33,"1","2","1","0",2620,"3","3",3484.6
"сухогруз",178.04,28,5.4,35366,13.9,2038,2.15,"1","2","0","0",2838,"5","3",6101.7
"сухогруз",178.04,28,5.4,35366,13.5,1638,0.7,"0","1","1","0",4705,"1","4",3293.5
"сухогруз",178.04,28,5.4,35366,13,936,1.38,"1","2","0","9",2706,"1","0",3734.28
"сухогруз",178.04,28,5.4,35366,12.1,375,0.25,"1","2","0","9",6048,"6","6",1512
"сухогруз",178.04,28,5.4,35366,11.2,2230,2.64,"1","1","0","0",1689,"4","1",4458.96
"танкер",117,16.4,6.9,7014,10.9,430,0.42,"0","2","1","3",4118,"0","4",1729.56
"танкер",117,16.4,6.9,7014,10.4,680,0.48,"0","2","1","3",5689,"3","0",2730.72
"танкер",117,16.4,6.9,7014,9.9,226,0.21,"0","2","1","2",4221,"5","3",886.41
"танкер",117,16.4,6.9,7014,10.5,297,0.66,"1","2","0","6",1812,"3","1",1195.92
"танкер",117,16.4,6.9,7014,9.8,281,0.1,"1","1","0","3",8203,"3","4",820.3
"танкер",117,16.4,6.9,7014,11.5,528,0.26,"0","2","0","3",6073,"8","5",1578.98
"танкер",117,16.4,6.9,7014,12.3,199,0.13,"1","1","1","3",5920,"6","7",769.6
"танкер",117,16.4,6.9,7014,11.1,620,0.44,"1","1","1","3",5669,"1","1",2494.36
"танкер",117,16.4,6.9,7014,10.5,394,0.19,"1","1","1","2",8398,"7","6",1595.62
"танкер",117,16.4,6.9,7014,12.3,85,0.02,"0","0","1","3",6828,"9","7",136.56
"танкер",117,16.4,6.9,7014,10.2,403,0.11,"0","0","1","3",7381,"0","2",811.91
"танкер",117,16.4,6.9,7014,10.3,418,0,"0","0","0","0",8846,"8","6",0
"танкер",117,16.4,6.9,7014,9.5,398,0.16,"0","1","1","3",7242,"1","1",1158.72
"танкер",117,16.4,6.9,7014,12.2,609,0.38,"0","0","0","2",1589,"2","2",603.82
"танкер",117,16.4,6.9,7014,10.4,341,0.38,"1","1","1","3",3562,"6","7",1353.56
"танкер",117,16.4,6.9,7014,10.5,230,0.09,"0","2","0","3",8071,"2","0",726.39
"танкер",117,16.4,6.9,7014,10.1,570,0.29,"1","0","0","3",3920,"1","0",1136.8
"танкер",117,16.4,6.9,7014,11.3,592,0.3,"0","2","1","2",7786,"3","0",2335.8
"танкер",117,16.4,6.9,7014,11.2,78,0.08,"0","2","0","2",2820,"7","7",225.6
"танкер",117,16.4,6.9,7014,10.6,577,1.11,"1","2","1","3",2606,"6","7",2892.66
"танкер",117,16.4,6.9,7014,12.4,597,0.31,"1","0","1","0",3832,"2","1",1187.92
"танкер",117,16.4,6.9,7014,10.1,411,0.1,"0","0","1","6",8389,"7","7",838.9
"танкер",117,16.4,6.9,7014,10.7,360,0.17,"0","0","1","2",4239,"0","1",720.63
"танкер",117,16.4,6.9,7014,12,586,0.23,"0","0","1","3",5085,"7","6",1169.55
"танкер",117,16.4,6.9,7014,10.2,112,0.03,"0","1","0","2",6649,"2","2",199.47
"танкер",117,16.4,6.9,7014,11.4,198,1.01,"0","2","1","2",787,"9","5",794.87
"танкер",117,16.4,6.9,7014,10,238,0.12,"1","2","0","3",8166,"4","0",979.92
"танкер",117,16.4,6.9,7014,10,398,0.24,"0","2","0","3",4984,"9","6",1196.16
"танкер",117,16.4,6.9,7014,10,113,0.05,"1","2","0","3",8935,"4","0",446.75
"танкер",117,16.4,6.9,7014,9.7,542,0.41,"1","0","1","0",2631,"4","2",1078.71
"танкер",117,16.4,6.9,7014,11,47,0.04,"1","1","0","2",3745,"8","5",149.8
"танкер",117,16.4,6.9,7014,11.4,581,0.18,"1","0","0","3",6455,"7","7",1161.9
"танкер",117,16.4,6.9,7014,11,124,0.11,"1","2","1","3",5398,"0","3",593.78
"танкер",117,16.4,6.9,7014,11.2,558,0.26,"0","2","0","0",4306,"6","6",1119.56
"танкер",117,16.4,6.9,7014,10.5,482,0.18,"0","0","1","3",5445,"5","3",980.1
"танкер",117,16.4,6.9,7014,12.3,336,0.1,"1","0","0","6",6434,"1","1",643.4
"танкер",117,16.4,6.9,7014,10,605,0.29,"0","0","0","3",2073,"8","5",601.17
"танкер",117,16.4,6.9,7014,12,262,0.48,"0","1","1","2",1633,"4","3",783.84
"танкер",117,16.4,6.9,7014,11.8,26,0.01,"0","0","0","3",2427,"4","0",24.27
"танкер",117,16.4,6.9,7014,12.3,31,0.02,"0","1","1","3",5142,"8","7",102.84
"танкер",228.6,32.57,8,73917,7.4,2868,1.17,"0","1","1","3",7335,"2","4",8581.95
"танкер",228.6,32.57,8,73917,7.3,5015,3.11,"0","1","0","2",3230,"3","1",10045.3
"танкер",228.6,32.57,8,73917,8,3451,1.83,"0","0","1","2",3779,"4","3",6915.57
"танкер",228.6,32.57,8,73917,6.6,218,0.7,"0","1","0","3",626,"6","5",438.2
"танкер",228.6,32.57,8,73917,7,3041,1.55,"0","1","0","3",3913,"7","6",6065.15
"танкер",228.6,32.57,8,73917,8.6,5423,2.84,"0","1","1","2",5725,"9","7",16259
"танкер",228.6,32.57,8,73917,7.3,2117,3.73,"1","2","1","3",2839,"7","6",10589.47
"танкер",228.6,32.57,8,73917,7.7,707,2.53,"0","2","0","3",839,"9","7",2122.67
"танкер",228.6,32.57,8,73917,5.9,1368,0.73,"0","0","1","3",3764,"0","4",2747.72
"танкер",228.6,32.57,8,73917,7.4,5663,3.87,"0","0","0","3",1465,"6","5",5669.55
"танкер",228.6,32.57,8,73917,6.9,5644,2.3,"0","2","0","3",7377,"1","0",16967.1
"танкер",228.6,32.57,8,73917,6.8,847,0.39,"1","0","1","3",6467,"2","2",2522.13
"танкер",228.6,32.57,8,73917,8.1,1949,0.61,"0","1","0","3",6362,"1","4",3880.82
"танкер",228.6,32.57,8,73917,6.6,5550,20.15,"1","0","0","2",551,"3","4",11102.65
"танкер",228.6,32.57,8,73917,6.9,5608,3.13,"1","0","1","3",5374,"8","5",16820.62
"танкер",228.6,32.57,8,73917,6.1,243,0.21,"1","2","0","3",4538,"7","7",952.98
"танкер",228.6,32.57,8,73917,7.8,5314,4.34,"1","1","1","3",4894,"8","5",21239.96
"танкер",228.6,32.57,8,73917,8.2,3046,1.36,"0","2","0","2",6715,"7","7",9132.4
"танкер",228.6,32.57,8,73917,8,3346,2.56,"0","2","1","2",5223,"2","1",13370.88
"танкер",228.6,32.57,8,73917,7.4,2633,3.03,"0","0","1","3",1737,"5","0",5263.11
"танкер",228.6,32.57,8,73917,8.9,1597,1.5,"0","2","0","2",3192,"7","7",4788
"танкер",228.6,32.57,8,73917,8.4,5810,1.93,"0","0","1","2",6013,"8","7",11605.09
"танкер",228.6,32.57,8,73917,8.7,4606,1.54,"0","1","1","3",8972,"9","6",13816.88
"танкер",228.6,32.57,8,73917,7.6,2715,4.43,"1","2","1","3",3064,"5","3",13573.52
"танкер",228.6,32.57,8,73917,7.4,5387,6.48,"1","0","1","3",2494,"8","6",16161.12
"танкер",228.6,32.57,8,73917,8.6,1477,3.74,"1","1","0","3",1184,"3","0",4428.16
"танкер",228.6,32.57,8,73917,7.5,5816,2.23,"1","0","0","0",2605,"2","0",5809.15
"танкер",228.6,32.57,8,73917,7.6,2486,6.15,"1","0","0","2",808,"8","6",4969.2
"танкер",228.6,32.57,8,73917,8.3,5761,10.53,"0","0","0","2",547,"8","7",5759.91
"танкер",228.6,32.57,8,73917,6.8,7076,2.87,"1","0","1","3",7384,"9","7",21192.08
"танкер",228.6,32.57,8,73917,8.1,5330,2.94,"0","2","0","2",5442,"4","4",15999.48
"танкер",228.6,32.57,8,73917,8.7,3850,0.95,"0","1","1","0",8132,"8","6",7725.4
"танкер",228.6,32.57,8,73917,6.2,1254,0.6,"0","1","1","6",6312,"7","6",3787.2
"танкер",228.6,32.57,8,73917,7.1,6587,2.99,"0","1","1","3",6615,"0","4",19778.85
"танкер",228.6,32.57,8,73917,8.6,1473,1.55,"1","2","1","3",4741,"5","2",7348.55
"танкер",228.6,32.57,8,73917,6.1,5458,1.14,"0","0","0","3",4796,"4","1",5467.44
"танкер",228.6,32.57,8,73917,8,5763,3.84,"0","2","1","2",6007,"6","5",23066.88
"танкер",228.6,32.57,8,73917,8.1,4345,1.93,"1","0","1","6",6765,"8","5",13056.45
"танкер",228.6,32.57,8,73917,7,3058,1.32,"1","0","1","3",6953,"2","0",9177.96
"танкер",228.6,32.57,8,73917,7.6,2218,3.84,"1","1","1","2",2310,"7","7",8870.4
"танкер",184,27.4,7.2,38734,12.1,1990,0.42,"0","0","0","2",4726,"0","4",1984.92
"танкер",184,27.4,7.2,38734,11.9,3335,2.98,"1","2","0","3",4478,"6","6",13344.44
"танкер",184,27.4,7.2,38734,11.3,2213,1.11,"1","0","0","0",1989,"2","3",2207.79
"танкер",184,27.4,7.2,38734,12,3130,5.69,"1","1","0","3",1651,"0","2",9394.19
"танкер",184,27.4,7.2,38734,12.3,1971,1.69,"1","0","1","3",3503,"8","5",5920.07
"танкер",184,27.4,7.2,38734,11.9,2562,1.29,"0","2","1","2",7942,"1","0",10245.18
"танкер",184,27.4,7.2,38734,11.2,1882,1.2,"0","2","1","0",4710,"0","1",5652
"танкер",184,27.4,7.2,38734,11.4,1313,1.33,"0","1","0","3",1975,"0","0",2626.75
"танкер",184,27.4,7.2,38734,11.5,3392,0.43,"0","0","0","3",7901,"9","5",3397.43
"танкер",184,27.4,7.2,38734,13.1,3018,2.44,"0","2","1","3",4950,"5","1",12078
"танкер",184,27.4,7.2,38734,11.3,3099,1.16,"1","1","0","2",7987,"2","1",9264.92
"танкер",184,27.4,7.2,38734,13.2,334,0.37,"1","2","1","2",4510,"1","3",1668.7
"танкер",184,27.4,7.2,38734,11,167,0.25,"1","2","1","2",3376,"1","2",844
"танкер",184,27.4,7.2,38734,12.4,1524,0.54,"1","1","0","3",8438,"8","7",4556.52
"танкер",184,27.4,7.2,38734,13.5,591,0.31,"1","1","0","2",5726,"1","1",1775.06
"танкер",184,27.4,7.2,38734,11.5,686,1.89,"0","2","0","3",1087,"5","4",2054.43
"танкер",184,27.4,7.2,38734,11.4,3650,7.3,"1","2","0","3",2001,"8","5",14607.3
"танкер",184,27.4,7.2,38734,13.6,823,0.45,"1","1","1","2",7254,"5","0",3264.3
"танкер",184,27.4,7.2,38734,11.3,832,0.19,"0","2","0","0",8782,"1","1",1668.58
"танкер",184,27.4,7.2,38734,13.5,1533,1.39,"0","1","1","6",3312,"8","7",4603.68
"танкер",184,27.4,7.2,38734,11.7,3187,0.87,"0","1","0","2",7315,"8","6",6364.05
"танкер",184,27.4,7.2,38734,13.4,3371,3.02,"0","2","0","6",3352,"2","2",10123.04
"танкер",184,27.4,7.2,38734,10.9,3412,2.89,"0","1","1","3",3547,"2","3",10250.83
"танкер",184,27.4,7.2,38734,13,1683,3.05,"0","1","1","3",1657,"3","4",5053.85
"танкер",184,27.4,7.2,38734,11.8,1521,2.87,"1","1","1","6",2117,"7","7",6075.79
"танкер",184,27.4,7.2,38734,11.7,567,1.85,"0","2","1","2",1223,"4","1",2262.55
"танкер",184,27.4,7.2,38734,12.5,2843,6.98,"1","0","0","2",815,"4","3",5688.7
"танкер",184,27.4,7.2,38734,11.2,902,0.65,"1","2","1","3",6931,"5","4",4505.15
"танкер",184,27.4,7.2,38734,13.2,152,0.25,"0","1","0","3",1237,"0","0",309.25
"танкер",184,27.4,7.2,38734,12,1190,0.46,"0","0","0","2",2585,"2","0",1189.1
"танкер",184,27.4,7.2,38734,12.6,1378,0.74,"1","0","0","6",3736,"1","4",2764.64
"танкер",184,27.4,7.2,38734,12.4,178,0.27,"1","1","0","3",1988,"3","3",536.76
"танкер",184,27.4,7.2,38734,12.6,2984,5.66,"1","2","1","3",2634,"1","2",14908.44
"танкер",184,27.4,7.2,38734,13.2,255,0.07,"0","0","1","3",7460,"8","5",522.2
"танкер",184,27.4,7.2,38734,11.6,2081,1.3,"1","1","0","3",4784,"3","2",6219.2
"танкер",184,27.4,7.2,38734,13,3025,1.15,"0","2","0","3",7886,"9","5",9068.9
"танкер",184,27.4,7.2,38734,10.8,145,0.12,"0","2","1","3",4999,"2","0",599.88
"танкер",184,27.4,7.2,38734,13,3717,1.72,"1","0","1","2",6475,"0","1",11137
"танкер",184,27.4,7.2,38734,11,3346,2.52,"1","0","0","3",2660,"5","3",6703.2
"танкер",184,27.4,7.2,38734,12,1895,0.78,"1","0","1","3",7298,"4","1",5692.44
"танкер",132.6,16.9,2.8,4626,7,89,0.11,"0","2","1","2",3255,"0","4",358.05
"танкер",132.6,16.9,2.8,4626,6,448,0.66,"0","2","0","2",2030,"2","2",1339.8
"танкер",132.6,16.9,2.8,4626,5.6,38,0.02,"0","2","0","2",5890,"7","7",117.8
"танкер",132.6,16.9,2.8,4626,8.4,85,0.05,"1","1","0","3",4851,"4","3",242.55
"танкер",132.6,16.9,2.8,4626,8.5,145,0.08,"1","1","0","3",5644,"4","1",451.52
"танкер",132.6,16.9,2.8,4626,6.4,209,0.15,"1","1","1","2",5479,"1","0",821.85
"танкер",132.6,16.9,2.8,4626,5.6,348,0.18,"0","2","0","2",5667,"2","4",1020.06
"танкер",132.6,16.9,2.8,4626,6.4,239,0.17,"1","2","1","3",6992,"6","7",1188.64
"танкер",132.6,16.9,2.8,4626,7.8,421,0.97,"0","0","1","3",866,"2","4",840.02
"танкер",132.6,16.9,2.8,4626,7.1,365,0.12,"1","1","0","6",8983,"4","0",1077.96
"танкер",132.6,16.9,2.8,4626,5.5,437,3.13,"0","2","1","6",558,"9","6",1746.54
"танкер",132.6,16.9,2.8,4626,6,166,0.18,"1","0","1","2",2795,"4","2",503.1
"танкер",132.6,16.9,2.8,4626,6.9,383,0.09,"0","0","0","2",4164,"2","0",374.76
"танкер",132.6,16.9,2.8,4626,6.5,352,0.47,"1","1","0","2",2247,"4","3",1056.09
"танкер",132.6,16.9,2.8,4626,6.7,298,0.1,"0","1","0","3",5964,"4","1",596.4
"танкер",132.6,16.9,2.8,4626,7.4,13,0.01,"1","1","1","3",3663,"4","0",36.63
"танкер",132.6,16.9,2.8,4626,6.8,230,0.13,"1","2","0","6",6858,"5","0",891.54
"танкер",132.6,16.9,2.8,4626,7.3,389,0.53,"1","0","1","6",2185,"1","0",1158.05
"танкер",132.6,16.9,2.8,4626,6.1,157,0.25,"1","2","0","2",2548,"8","5",637
"танкер",132.6,16.9,2.8,4626,7.3,333,0.12,"1","0","0","3",5537,"8","5",664.44
"танкер",132.6,16.9,2.8,4626,6,368,0.47,"1","2","0","3",3131,"2","3",1471.57
"танкер",132.6,16.9,2.8,4626,5.7,385,0.07,"0","0","0","6",5214,"5","0",364.98
"танкер",132.6,16.9,2.8,4626,7,394,0.2,"0","1","1","3",6021,"1","1",1204.2
"танкер",132.6,16.9,2.8,4626,6.2,147,0.08,"1","1","0","2",5453,"4","4",436.24
"танкер",132.6,16.9,2.8,4626,7.7,188,0.12,"0","1","1","6",4592,"8","7",551.04
"танкер",132.6,16.9,2.8,4626,8.4,229,0.14,"1","0","1","3",4963,"7","5",694.82
"танкер",132.6,16.9,2.8,4626,7.4,396,0.13,"0","2","0","3",8913,"3","1",1158.69
"танкер",132.6,16.9,2.8,4626,6.3,62,0.03,"0","0","1","2",3828,"7","6",114.84
"танкер",132.6,16.9,2.8,4626,8,442,0.05,"0","0","0","2",8678,"7","5",433.9
"танкер",132.6,16.9,2.8,4626,7,138,0.33,"1","1","0","3",1263,"1","1",416.79
"танкер",132.6,16.9,2.8,4626,7.4,375,0.12,"0","0","0","3",3068,"8","6",368.16
"танкер",132.6,16.9,2.8,4626,7.6,18,0.01,"0","2","1","3",8276,"6","6",82.76
"танкер",132.6,16.9,2.8,4626,8.2,372,0.36,"1","1","1","2",4171,"5","0",1501.56
"танкер",132.6,16.9,2.8,4626,6.4,457,0.33,"0","0","1","2",2749,"0","2",907.17
"танкер",132.6,16.9,2.8,4626,6.3,9,0.01,"1","2","1","3",6984,"2","2",69.84
"танкер",132.6,16.9,2.8,4626,8,56,0.05,"0","1","0","3",2155,"5","0",107.75
"танкер",132.6,16.9,2.8,4626,6.5,76,0.08,"0","1","1","6",3010,"2","0",240.8
"танкер",132.6,16.9,2.8,4626,7.2,95,0.04,"1","2","0","0",7186,"4","3",287.44
"танкер",132.6,16.9,2.8,4626,8,51,0.05,"0","2","1","2",4210,"6","7",210.5
"танкер",132.6,16.9,2.8,4626,8.3,224,0.03,"0","0","0","3",8415,"8","7",252.45
"танкер",140.85,16.86,3.3,7900,8.7,683,5.4,"1","2","0","3",506,"6","7",2732.4
"танкер",140.85,16.86,3.3,7900,8.6,547,0.62,"0","1","0","2",1753,"5","1",1086.86
"танкер",140.85,16.86,3.3,7900,10.1,386,0.48,"0","2","1","2",3236,"1","1",1553.28
"танкер",140.85,16.86,3.3,7900,8.7,440,0.55,"1","0","1","3",2415,"7","7",1328.25
"танкер",140.85,16.86,3.3,7900,7.5,29,0.03,"1","0","1","3",2693,"2","2",80.79
"танкер",140.85,16.86,3.3,7900,7.7,479,0.25,"1","2","1","0",7676,"8","7",1919
"танкер",140.85,16.86,3.3,7900,9.5,476,0.21,"0","0","1","2",4430,"8","6",930.3
"танкер",140.85,16.86,3.3,7900,8,166,0.08,"1","0","0","2",4006,"5","0",320.48
"танкер",140.85,16.86,3.3,7900,9.5,350,0.16,"1","2","0","3",8587,"6","6",1373.92
"танкер",140.85,16.86,3.3,7900,7.9,58,0.01,"0","0","0","2",6141,"4","3",61.41
"танкер",140.85,16.86,3.3,7900,9.8,740,0.34,"0","0","1","3",4365,"6","6",1484.1
"танкер",140.85,16.86,3.3,7900,8.9,68,0.02,"0","0","1","3",6781,"7","6",135.62
"танкер",140.85,16.86,3.3,7900,7.6,66,0.06,"0","2","1","0",3555,"2","4",213.3
"танкер",140.85,16.86,3.3,7900,7.7,552,0.25,"1","1","1","2",8913,"7","7",2228.25
"танкер",140.85,16.86,3.3,7900,8.6,630,0.18,"1","0","0","3",6984,"6","7",1257.12
"танкер",140.85,16.86,3.3,7900,9.7,358,1.92,"1","2","1","3",931,"0","2",1787.52
"танкер",140.85,16.86,3.3,7900,9,475,0.19,"1","0","1","2",7677,"2","1",1458.63
"танкер",140.85,16.86,3.3,7900,8.8,508,0.26,"1","0","1","3",5838,"2","0",1517.88
"танкер",140.85,16.86,3.3,7900,8.5,635,0.45,"1","2","1","3",7073,"6","6",3182.85
"танкер",140.85,16.86,3.3,7900,7.3,683,0.54,"1","2","1","2",6383,"7","6",3446.82
"танкер",140.85,16.86,3.3,7900,8.7,64,0.02,"0","2","0","3",7911,"5","4",158.22
"танкер",140.85,16.86,3.3,7900,9.4,192,0.12,"1","0","1","2",4672,"0","2",560.64
"танкер",140.85,16.86,3.3,7900,9.2,207,0.07,"0","2","0","3",8654,"5","3",605.78
"танкер",140.85,16.86,3.3,7900,9.2,662,0.59,"1","2","0","2",4501,"1","0",2655.59
"танкер",140.85,16.86,3.3,7900,10,290,0.25,"1","2","1","0",4636,"7","7",1159
"танкер",140.85,16.86,3.3,7900,8,685,1.22,"1","2","1","0",2253,"0","1",2748.66
"танкер",140.85,16.86,3.3,7900,7.9,685,0.23,"1","0","0","2",5931,"1","4",1364.13
"танкер",140.85,16.86,3.3,7900,10,169,0.04,"0","1","0","0",4113,"1","4",164.52
"танкер",140.85,16.86,3.3,7900,9.3,312,0.25,"0","1","1","3",3682,"2","0",920.5
"танкер",140.85,16.86,3.3,7900,7.4,197,0.06,"0","0","0","2",3477,"7","5",208.62
"танкер",140.85,16.86,3.3,7900,9.3,543,0.41,"1","2","0","3",5327,"1","0",2184.07
"танкер",140.85,16.86,3.3,7900,10.1,346,0.15,"0","2","1","2",8955,"8","6",1343.25
"танкер",140.85,16.86,3.3,7900,7.7,267,0.16,"1","0","1","3",5011,"8","6",801.76
"танкер",140.85,16.86,3.3,7900,9,431,0.39,"0","2","0","2",3338,"8","7",1301.82
"танкер",140.85,16.86,3.3,7900,7.6,22,0.02,"1","1","0","0",2437,"2","1",48.74
"танкер",140.85,16.86,3.3,7900,8.5,611,0.62,"0","2","1","2",3917,"4","2",2428.54
"танкер",140.85,16.86,3.3,7900,7.9,159,0.04,"0","0","0","2",3875,"7","7",155
"танкер",140.85,16.86,3.3,7900,8.7,530,0.21,"0","1","1","6",7442,"7","7",1562.82
"танкер",140.85,16.86,3.3,7900,9.3,35,0.02,"1","1","0","2",5945,"6","5",118.9
"танкер",140.85,16.86,3.3,7900,8.3,698,0.8,"1","2","0","2",3497,"1","2",2797.6
"танкер",243,42.03,9.3,108835,6.1,3250,1.67,"1","2","0","6",7786,"2","1",13002.62
"танкер",243,42.03,9.3,108835,4.9,2115,1.35,"1","0","0","3",3138,"4","1",4236.3
"танкер",243,42.03,9.3,108835,5.3,38,0.01,"0","0","0","3",4444,"3","1",44.44
"танкер",243,42.03,9.3,108835,4.8,4067,2.32,"1","1","0","2",5267,"8","5",12219.44
"танкер",243,42.03,9.3,108835,6.6,1235,0.88,"1","1","0","2",4208,"7","5",3703.04
"танкер",243,42.03,9.3,108835,7.1,3461,1.85,"1","1","1","3",7495,"0","4",13865.75
"танкер",243,42.03,9.3,108835,4.9,1693,8.42,"0","2","0","2",603,"6","5",5077.26
"танкер",243,42.03,9.3,108835,5,8237,5.91,"0","2","0","2",4181,"6","7",24709.71
"танкер",243,42.03,9.3,108835,5.5,3137,9.82,"1","0","1","3",958,"4","3",9407.56
"танкер",243,42.03,9.3,108835,7.6,9409,10.73,"1","2","0","2",3507,"7","6",37630.11
"танкер",243,42.03,9.3,108835,6.6,3338,1.92,"1","0","0","3",3471,"2","1",6664.32
"танкер",243,42.03,9.3,108835,5.6,4512,1.92,"0","2","0","2",7033,"2","4",13503.36
"танкер",243,42.03,9.3,108835,6.7,1692,0.76,"0","2","1","2",8951,"3","2",6802.76
"танкер",243,42.03,9.3,108835,7.6,9500,4.42,"1","0","1","3",6448,"2","1",28500.16
"танкер",243,42.03,9.3,108835,6.4,7662,11.92,"0","2","1","3",2572,"9","5",30658.24
"танкер",243,42.03,9.3,108835,7.1,6110,10.68,"1","0","1","3",1716,"2","3",18326.88
"танкер",243,42.03,9.3,108835,6.7,2804,0.96,"0","2","0","3",8751,"4","4",8400.96
"танкер",243,42.03,9.3,108835,7.5,6415,3.82,"1","1","1","3",6722,"3","0",25678.04
"танкер",243,42.03,9.3,108835,6,10609,15.49,"0","2","1","3",2739,"3","3",42427.11
"танкер",243,42.03,9.3,108835,5.8,6793,10.41,"0","2","1","3",2609,"7","6",27159.69
"танкер",243,42.03,9.3,108835,5.8,8622,31.5,"0","2","1","3",1095,"6","5",34492.5
"танкер",243,42.03,9.3,108835,5.4,1725,0.2,"0","0","0","3",8529,"5","3",1705.8
"танкер",243,42.03,9.3,108835,7.1,600,0.38,"1","0","1","3",4708,"5","3",1789.04
"танкер",243,42.03,9.3,108835,5.8,9513,12.74,"1","1","0","2",2240,"4","2",28537.6
"танкер",243,42.03,9.3,108835,5,5954,2.6,"1","1","0","0",4581,"5","2",11910.6
"танкер",243,42.03,9.3,108835,5.9,8008,10.84,"1","2","1","0",2954,"7","5",32021.36
"танкер",243,42.03,9.3,108835,5.2,8107,6.12,"1","2","1","3",6620,"2","0",40514.4
"танкер",243,42.03,9.3,108835,7.5,5294,5.88,"1","2","0","3",3601,"3","0",21173.88
"танкер",243,42.03,9.3,108835,5.6,5951,2.21,"0","0","1","3",5389,"0","3",11909.69
"танкер",243,42.03,9.3,108835,6.8,8315,4.16,"0","0","1","3",3996,"0","2",16623.36
"танкер",243,42.03,9.3,108835,5.9,7217,6.99,"1","2","1","3",5165,"4","3",36103.35
"танкер",243,42.03,9.3,108835,5.7,6093,2.05,"0","0","1","2",5939,"9","5",12174.95
"танкер",243,42.03,9.3,108835,7.2,8814,2.45,"0","1","0","3",7182,"6","5",17595.9
"танкер",243,42.03,9.3,108835,6.1,5102,2.72,"0","2","0","6",5619,"5","3",15283.68
"танкер",243,42.03,9.3,108835,6.4,6321,2.04,"0","0","1","2",6190,"9","5",12627.6
"танкер",243,42.03,9.3,108835,5,2161,1.14,"0","2","1","3",7562,"5","2",8620.68
"танкер",243,42.03,9.3,108835,5.1,4149,1.12,"1","0","0","2",7381,"0","1",8266.72
"танкер",243,42.03,9.3,108835,6.3,10420,4.38,"0","1","0","2",4760,"5","3",20848.8
"танкер",243,42.03,9.3,108835,6.2,8811,2.19,"1","0","0","3",8055,"6","5",17640.45
"танкер",119.8,19,6.9,9127,11.4,149,0.06,"1","0","1","6",8043,"9","6",482.58
"танкер",119.8,19,6.9,9127,12.3,603,0.16,"1","0","0","2",7345,"1","2",1175.2
"танкер",119.8,19,6.9,9127,10.5,773,0.29,"0","2","1","0",8119,"1","3",2354.51
"танкер",119.8,19,6.9,9127,11.2,424,0.48,"0","2","0","6",2670,"1","1",1281.6
"танкер",119.8,19,6.9,9127,10.2,250,0.06,"0","0","1","3",8301,"4","1",498.06
"танкер",119.8,19,6.9,9127,12.2,497,0.27,"0","1","1","3",5543,"7","7",1496.61
"танкер",119.8,19,6.9,9127,10.3,455,0.17,"0","2","1","0",8109,"7","5",1378.53
"танкер",119.8,19,6.9,9127,10.3,439,0.12,"1","1","0","0",7486,"5","2",898.32
"танкер",119.8,19,6.9,9127,12.9,97,0.05,"1","2","0","3",8471,"7","5",423.55
"танкер",119.8,19,6.9,9127,12.5,460,0.5,"0","0","1","6",1843,"4","4",921.5
"танкер",119.8,19,6.9,9127,12.2,646,0.08,"0","0","0","3",8027,"4","3",642.16
"танкер",119.8,19,6.9,9127,12.6,716,0.45,"1","1","1","3",6391,"1","2",2875.95
"танкер",119.8,19,6.9,9127,12.6,470,0.67,"0","1","1","2",2105,"9","7",1410.35
"танкер",119.8,19,6.9,9127,10.2,487,0.22,"1","0","1","0",4377,"2","0",962.94
"танкер",119.8,19,6.9,9127,12.6,670,0.31,"0","2","0","6",6402,"8","5",1984.62
"танкер",119.8,19,6.9,9127,12.1,759,0.65,"0","2","1","3",4669,"2","4",3034.85
"танкер",119.8,19,6.9,9127,10.5,855,1.58,"1","1","1","2",2162,"1","2",3415.96
"танкер",119.8,19,6.9,9127,12.2,364,0.08,"0","0","0","2",4810,"1","4",384.8
"танкер",119.8,19,6.9,9127,12.2,84,0.08,"1","2","0","2",4362,"0","1",348.96
"танкер",119.8,19,6.9,9127,11.4,476,0.11,"0","0","1","2",8617,"0","4",947.87
"танкер",119.8,19,6.9,9127,10.5,192,0.34,"1","0","0","3",1124,"6","5",382.16
"танкер",119.8,19,6.9,9127,11.8,739,0.93,"1","2","0","3",3192,"4","2",2968.56
"танкер",119.8,19,6.9,9127,10.2,810,1.33,"0","1","0","3",1219,"0","2",1621.27
"танкер",119.8,19,6.9,9127,12.7,441,0.97,"0","2","1","3",1827,"5","1",1772.19
"танкер",119.8,19,6.9,9127,10,370,0.14,"1","1","0","2",7776,"9","5",1088.64
"танкер",119.8,19,6.9,9127,12.1,688,0.42,"1","0","1","3",4858,"3","2",2040.36
"танкер",119.8,19,6.9,9127,11.3,531,0.98,"0","2","0","3",1628,"5","1",1595.44
"танкер",119.8,19,6.9,9127,11.1,156,0.89,"0","2","0","2",525,"1","4",467.25
"танкер",119.8,19,6.9,9127,10.7,300,0.48,"0","1","1","2",1858,"5","0",891.84
"танкер",119.8,19,6.9,9127,11.4,420,0.38,"1","1","0","3",3275,"4","1",1244.5
"танкер",119.8,19,6.9,9127,12.8,56,0.04,"1","1","0","2",4760,"2","2",190.4
"танкер",119.8,19,6.9,9127,11.1,847,0.64,"0","2","0","3",3948,"5","3",2526.72
"танкер",119.8,19,6.9,9127,9.9,862,0.75,"1","1","0","3",3453,"3","3",2589.75
"танкер",119.8,19,6.9,9127,10,40,0.08,"1","2","0","2",2102,"9","5",168.16
"танкер",119.8,19,6.9,9127,10.3,907,1.82,"1","2","1","3",2485,"1","0",4522.7
"танкер",119.8,19,6.9,9127,11.4,385,0.21,"0","0","0","3",1868,"1","1",392.28
"танкер",119.8,19,6.9,9127,11.3,513,0.33,"1","2","1","2",7754,"3","2",2558.82
"танкер",119.8,19,6.9,9127,12.5,106,0.48,"0","1","1","3",665,"4","3",319.2
"танкер",119.8,19,6.9,9127,12.4,444,0.17,"0","0","0","3",2654,"8","6",451.18
"танкер",119.8,19,6.9,9127,12,439,0.22,"0","2","0","2",6042,"7","7",1329.24
"танкер",140.85,16.86,4.2,7017,7,282,0.21,"1","2","1","0",5393,"4","3",1132.53
"танкер",140.85,16.86,4.2,7017,6.8,395,0.72,"1","0","1","3",1639,"6","7",1180.08
"танкер",140.85,16.86,4.2,7017,7.1,218,0.08,"1","0","1","3",8526,"3","0",682.08
"танкер",140.85,16.86,4.2,7017,7.7,406,0.36,"1","0","0","2",2285,"3","3",822.6
"танкер",140.85,16.86,4.2,7017,7,269,0.49,"1","1","0","3",1644,"1","4",805.56
"танкер",140.85,16.86,4.2,7017,6.7,96,0.27,"1","2","0","3",1417,"2","4",382.59
"танкер",140.85,16.86,4.2,7017,6.1,216,1.1,"1","1","1","3",787,"9","7",865.7
"танкер",140.85,16.86,4.2,7017,7.1,516,0.56,"1","1","1","3",3655,"5","4",2046.8
"танкер",140.85,16.86,4.2,7017,7.5,626,0.43,"0","1","0","3",2942,"9","5",1265.06
"танкер",140.85,16.86,4.2,7017,5.6,42,0.02,"0","0","1","3",5510,"0","0",110.2
"танкер",140.85,16.86,4.2,7017,5.6,262,0.11,"0","1","1","2",7083,"2","4",779.13
"танкер",140.85,16.86,4.2,7017,5.9,591,0.27,"0","0","0","3",2155,"3","3",581.85
"танкер",140.85,16.86,4.2,7017,7.5,428,0.19,"1","0","0","2",4516,"1","3",858.04
"танкер",140.85,16.86,4.2,7017,7.1,269,0.34,"1","0","0","3",1568,"4","2",533.12
"танкер",140.85,16.86,4.2,7017,5.9,340,0.25,"0","2","0","6",4084,"2","0",1021
"танкер",140.85,16.86,4.2,7017,7.9,9,0.01,"1","0","1","3",4847,"3","2",48.47
"танкер",140.85,16.86,4.2,7017,6.9,545,1.67,"0","2","1","0",980,"0","2",1636.6
"танкер",140.85,16.86,4.2,7017,8.4,295,0.14,"1","0","0","3",4230,"4","2",592.2
"танкер",140.85,16.86,4.2,7017,7.7,664,0.99,"0","1","0","3",1339,"4","1",1325.61
"танкер",140.85,16.86,4.2,7017,5.8,42,0.02,"0","1","1","3",6885,"1","4",137.7
"танкер",140.85,16.86,4.2,7017,7.1,252,0.15,"1","1","0","3",4995,"2","3",749.25
"танкер",140.85,16.86,4.2,7017,6.3,49,0.03,"0","2","1","3",7206,"2","2",216.18
"танкер",140.85,16.86,4.2,7017,6.5,645,0.19,"1","0","0","3",6921,"5","1",1314.99
"танкер",140.85,16.86,4.2,7017,7.1,158,0.08,"0","2","1","3",7543,"9","6",603.44
"танкер",140.85,16.86,4.2,7017,7.2,7,0,"1","1","0","3",4631,"4","3",0
"танкер",140.85,16.86,4.2,7017,8.2,345,0.14,"0","2","0","3",7418,"5","2",1038.52
"танкер",140.85,16.86,4.2,7017,7.8,331,0.12,"0","1","0","3",5746,"2","0",689.52
"танкер",140.85,16.86,4.2,7017,6.6,401,1.54,"0","1","0","3",522,"4","3",803.88
"танкер",140.85,16.86,4.2,7017,5.5,35,0.01,"0","0","1","2",8246,"0","3",82.46
"танкер",140.85,16.86,4.2,7017,7.8,290,0.11,"1","2","0","0",7771,"5","3",854.81
"танкер",140.85,16.86,4.2,7017,5.6,678,0.3,"0","1","0","3",4556,"2","1",1366.8
"танкер",140.85,16.86,4.2,7017,8.5,552,0.75,"0","1","1","2",2222,"1","3",1666.5
"танкер",140.85,16.86,4.2,7017,5.7,637,0.98,"0","2","0","3",1943,"0","0",1904.14
"танкер",140.85,16.86,4.2,7017,7.1,457,0.18,"0","2","0","3",7457,"4","3",1342.26
"танкер",140.85,16.86,4.2,7017,8.2,119,0.02,"0","0","0","3",6351,"5","1",127.02
"танкер",140.85,16.86,4.2,7017,5.8,651,0.45,"1","2","1","3",7212,"2","1",3245.4
"танкер",140.85,16.86,4.2,7017,6,412,0.16,"0","1","1","3",7533,"6","7",1205.28
"танкер",140.85,16.86,4.2,7017,7.4,413,0.11,"0","0","1","3",7806,"9","5",858.66
"танкер",140.85,16.86,4.2,7017,7.7,175,0.06,"0","2","0","3",8120,"9","7",487.2
"танкер",140.85,16.86,4.2,7017,7,311,0.31,"1","0","1","3",2997,"0","0",929.07
"танкер",249.9,44,4.7,114598,5.5,2076,2.56,"1","0","1","2",2434,"9","6",6231.04
"танкер",249.9,44,4.7,114598,4.8,2395,1.36,"1","2","1","2",8786,"5","2",11948.96
"танкер",249.9,44,4.7,114598,6,1638,0.92,"0","0","0","2",1785,"0","1",1642.2
"танкер",249.9,44,4.7,114598,5.8,6165,3.38,"1","0","1","2",5470,"9","6",18488.6
"танкер",249.9,44,4.7,114598,6,2958,1.57,"0","2","0","2",5667,"3","3",8897.19
"танкер",249.9,44,4.7,114598,4.3,7478,5.53,"1","2","1","3",6762,"1","2",37393.86
"танкер",249.9,44,4.7,114598,4.8,7207,11.23,"1","2","1","3",3209,"2","4",36037.07
"танкер",249.9,44,4.7,114598,6.3,2063,2.23,"1","0","0","2",1850,"2","4",4125.5
"танкер",249.9,44,4.7,114598,4,3633,12.09,"1","2","1","3",1503,"2","4",18171.27
"танкер",249.9,44,4.7,114598,4.8,1760,3.81,"0","2","0","3",1385,"3","3",5276.85
"танкер",249.9,44,4.7,114598,6.8,9613,1.11,"0","0","0","2",8670,"3","0",9623.7
"танкер",249.9,44,4.7,114598,4.9,8697,62.01,"1","1","1","3",561,"9","7",34787.61
"танкер",249.9,44,4.7,114598,4.7,11342,9.33,"1","2","0","3",4860,"6","5",45343.8
"танкер",249.9,44,4.7,114598,4.9,393,0.29,"1","0","0","6",2671,"9","7",774.59
"танкер",249.9,44,4.7,114598,4.1,9697,15.21,"0","2","0","3",1912,"3","2",29081.52
"танкер",249.9,44,4.7,114598,6.6,9541,30.98,"0","0","1","2",616,"2","2",19083.68
"танкер",249.9,44,4.7,114598,4.9,953,0.38,"1","0","1","3",7560,"1","2",2872.8
"танкер",249.9,44,4.7,114598,6.6,10204,4.94,"0","2","1","3",8258,"6","7",40794.52
"танкер",249.9,44,4.7,114598,5.5,7903,3.78,"0","0","0","3",2088,"3","4",7892.64
"танкер",249.9,44,4.7,114598,4.3,4204,1.01,"0","1","0","2",8342,"1","0",8425.42
"танкер",249.9,44,4.7,114598,4.6,8440,10.54,"0","1","1","3",2402,"6","7",25317.08
"танкер",249.9,44,4.7,114598,6.7,9277,2.59,"1","0","0","3",7174,"0","4",18580.66
"танкер",249.9,44,4.7,114598,5.7,9568,2.2,"1","0","0","2",8699,"4","4",19137.8
"танкер",249.9,44,4.7,114598,6.3,5570,2.11,"1","1","0","6",7913,"4","4",16696.43
"танкер",249.9,44,4.7,114598,6.8,2120,1.09,"0","2","0","3",5812,"7","6",6335.08
"танкер",249.9,44,4.7,114598,6.7,1604,1.97,"0","1","1","0",1628,"8","6",3207.16
"танкер",249.9,44,4.7,114598,6.4,340,0.09,"1","0","0","3",7958,"9","5",716.22
"танкер",249.9,44,4.7,114598,4.1,6088,15.13,"1","2","1","3",2012,"2","1",30441.56
"танкер",249.9,44,4.7,114598,5.4,8990,2.53,"0","0","1","2",7105,"7","7",17975.65
"танкер",249.9,44,4.7,114598,5.1,5621,12.97,"1","2","0","6",1733,"0","3",22477.01
"танкер",249.9,44,4.7,114598,5.4,10590,10.78,"1","1","1","3",3928,"3","3",42343.84
"танкер",249.9,44,4.7,114598,4.5,723,0.23,"1","0","1","0",6360,"7","6",1462.8
"танкер",249.9,44,4.7,114598,5.1,4844,2.94,"1","2","1","0",6592,"6","6",19380.48
"танкер",249.9,44,4.7,114598,4.2,1057,2.24,"1","0","1","2",1416,"2","1",3171.84
"танкер",249.9,44,4.7,114598,5.4,2842,2.05,"1","1","0","3",4159,"6","6",8525.95
"танкер",249.9,44,4.7,114598,6.7,11448,2.6,"0","1","0","3",8791,"6","6",22856.6
"танкер",249.9,44,4.7,114598,4.6,4331,12.37,"1","1","1","2",1401,"8","6",17330.37
"танкер",249.9,44,4.7,114598,5,8623,12.93,"0","2","0","2",2000,"9","5",25860
"танкер",249.9,44,4.7,114598,6.4,4612,1.52,"0","0","0","6",3033,"5","0",4610.16
"танкер",175,31,7.7,40083,8.8,3382,3.03,"0","2","0","3",3346,"3","0",10138.38
"танкер",175,31,7.7,40083,7.9,824,0.98,"1","1","0","2",2512,"8","7",2461.76
"танкер",175,31,7.7,40083,9.7,3638,8.84,"1","0","1","2",1235,"6","5",10917.4
"танкер",175,31,7.7,40083,9.1,756,0.45,"1","2","0","3",6743,"8","7",3034.35
"танкер",175,31,7.7,40083,8.7,2026,0.91,"0","0","0","2",2228,"5","0",2027.48
"танкер",175,31,7.7,40083,7.7,3393,1.61,"0","2","1","3",8415,"5","4",13548.15
"танкер",175,31,7.7,40083,8.4,2650,6.05,"1","1","0","3",1315,"6","6",7955.75
"танкер",175,31,7.7,40083,8.2,2769,2.45,"1","0","1","3",3384,"6","7",8290.8
"танкер",175,31,7.7,40083,8.6,3016,1.2,"1","0","1","6",7546,"1","3",9055.2
"танкер",175,31,7.7,40083,8.7,2456,1.46,"0","2","0","3",5060,"6","7",7387.6
"танкер",175,31,7.7,40083,8.5,2065,1.04,"1","1","0","0",3985,"3","4",4144.4
"танкер",175,31,7.7,40083,7.9,3622,3.68,"0","2","0","3",2949,"1","3",10852.32
"танкер",175,31,7.7,40083,7.4,2093,3.87,"0","1","1","3",1622,"2","2",6277.14
"танкер",175,31,7.7,40083,8.1,3248,1.59,"1","1","1","3",8185,"1","2",13014.15
"танкер",175,31,7.7,40083,8.4,1442,1.36,"0","2","1","3",4239,"2","2",5765.04
"танкер",175,31,7.7,40083,7.9,3292,1.66,"1","1","1","3",7929,"3","1",13162.14
"танкер",175,31,7.7,40083,10,2570,17.66,"1","1","1","3",582,"8","7",10278.12
"танкер",175,31,7.7,40083,7.4,2809,1.14,"0","2","0","3",7368,"1","1",8399.52
"танкер",175,31,7.7,40083,8.6,1566,0.41,"0","1","0","3",7591,"4","3",3112.31
"танкер",175,31,7.7,40083,8.8,892,0.3,"1","1","0","2",8896,"3","3",2668.8
"танкер",175,31,7.7,40083,8.1,1972,1.76,"1","0","1","3",3365,"6","7",5922.4
"танкер",175,31,7.7,40083,8.5,1573,5.08,"0","1","1","3",929,"9","7",4719.32
"танкер",175,31,7.7,40083,9.4,2642,0.75,"1","0","0","3",7084,"2","3",5313
"танкер",175,31,7.7,40083,10,3034,5.18,"1","2","0","3",2344,"1","2",12141.92
"танкер",175,31,7.7,40083,9.2,3757,3.37,"0","1","1","2",3340,"9","7",11255.8
"танкер",175,31,7.7,40083,8.1,142,0.05,"1","1","0","3",8689,"5","4",434.45
"танкер",175,31,7.7,40083,10.3,1559,0.92,"1","0","1","2",5110,"4","2",4701.2
"танкер",175,31,7.7,40083,9.1,1264,0.73,"0","2","0","2",5206,"6","5",3800.38
"танкер",175,31,7.7,40083,9.9,3010,1.38,"1","1","0","3",6557,"9","7",9048.66
"танкер",175,31,7.7,40083,10.1,1608,0.44,"0","0","1","3",7358,"5","3",3237.52
"танкер",175,31,7.7,40083,7.4,3997,2.81,"1","1","0","2",4272,"3","1",12004.32
"танкер",175,31,7.7,40083,7.5,1150,0.52,"1","1","0","3",6625,"2","4",3445
"танкер",175,31,7.7,40083,9.7,519,0.14,"1","0","0","2",7619,"0","0",1066.66
"танкер",175,31,7.7,40083,8,2830,0.87,"1","0","0","3",6532,"7","7",5682.84
"танкер",175,31,7.7,40083,10,3979,3.08,"1","2","0","3",5172,"1","0",15929.76
"танкер",175,31,7.7,40083,9.6,1501,1.41,"1","2","0","2",4257,"4","2",6002.37
"танкер",175,31,7.7,40083,9.2,2713,2.1,"1","0","0","3",2583,"2","4",5424.3
"танкер",175,31,7.7,40083,8,1937,0.23,"0","0","0","2",8381,"3","2",1927.63
"танкер",175,31,7.7,40083,10.2,3574,1.27,"1","1","0","3",8430,"6","7",10706.1
"танкер",175,31,7.7,40083,8.7,3300,1.5,"1","0","1","3",6614,"0","2",9921
"танкер",145.88,22.5,8.7,15441,9.7,1097,0.72,"1","1","1","3",6124,"2","3",4409.28
"танкер",145.88,22.5,8.7,15441,9.2,979,0.24,"1","0","0","3",8068,"8","5",1936.32
"танкер",145.88,22.5,8.7,15441,8.3,712,1.68,"0","1","1","0",846,"9","7",1421.28
"танкер",145.88,22.5,8.7,15441,9.7,70,0.03,"1","2","0","0",8198,"4","1",245.94
"танкер",145.88,22.5,8.7,15441,8.9,794,0.13,"0","0","0","3",5974,"1","4",776.62
"танкер",145.88,22.5,8.7,15441,10,1542,0.85,"1","1","1","0",5459,"5","0",4640.15
"танкер",145.88,22.5,8.7,15441,10.5,467,0.29,"0","2","0","3",4893,"1","3",1418.97
"танкер",145.88,22.5,8.7,15441,8.6,968,0.53,"0","1","1","3",5471,"6","5",2899.63
"танкер",145.88,22.5,8.7,15441,10.9,1498,2.09,"1","2","1","3",3582,"3","1",7486.38
"танкер",145.88,22.5,8.7,15441,8.4,584,0.32,"0","0","1","3",3683,"5","3",1178.56
"танкер",145.88,22.5,8.7,15441,8.3,1049,0.2,"0","0","0","3",5356,"2","1",1071.2
"танкер",145.88,22.5,8.7,15441,10.2,1148,0.23,"0","0","0","3",5015,"3","3",1153.45
"танкер",145.88,22.5,8.7,15441,9.3,516,0.13,"0","0","0","3",3906,"0","4",507.78
"танкер",145.88,22.5,8.7,15441,8.2,133,0.1,"0","2","1","3",5533,"0","4",553.3
"танкер",145.88,22.5,8.7,15441,8.4,15,0.03,"0","0","1","2",1076,"3","0",32.28
"танкер",145.88,22.5,8.7,15441,11.2,1012,2.33,"0","2","0","6",1302,"2","0",3033.66
"танкер",145.88,22.5,8.7,15441,10.8,1162,0.29,"0","1","1","0",7982,"6","7",2314.78
"танкер",145.88,22.5,8.7,15441,10.9,8,0,"0","0","1","0",5871,"7","7",0
"танкер",145.88,22.5,8.7,15441,10.1,494,0.13,"0","1","0","2",7415,"7","6",963.95
"танкер",145.88,22.5,8.7,15441,9.2,1535,0.68,"1","2","0","3",8980,"0","2",6106.4
"танкер",145.88,22.5,8.7,15441,10.9,811,1.1,"0","0","0","6",735,"6","5",808.5
"танкер",145.88,22.5,8.7,15441,10.4,923,1.68,"1","1","1","2",2198,"8","6",3692.64
"танкер",145.88,22.5,8.7,15441,10.3,755,0.62,"1","0","1","2",3625,"8","6",2247.5
"танкер",145.88,22.5,8.7,15441,8.3,1345,4.91,"1","0","1","2",822,"1","0",4036.02
"танкер",145.88,22.5,8.7,15441,9.7,202,0.27,"1","0","1","3",2204,"4","1",595.08
"танкер",145.88,22.5,8.7,15441,8.9,1322,0.47,"1","1","0","0",5596,"0","4",2630.12
"танкер",145.88,22.5,8.7,15441,9.7,922,0.69,"1","1","0","3",4010,"5","3",2766.9
"танкер",145.88,22.5,8.7,15441,9.1,1365,0.51,"0","1","0","0",2658,"3","3",1355.58
"танкер",145.88,22.5,8.7,15441,8.9,670,0.87,"1","2","0","3",3065,"6","5",2666.55
"танкер",145.88,22.5,8.7,15441,11,413,1.4,"1","2","0","3",1181,"6","7",1653.4
"танкер",145.88,22.5,8.7,15441,9.4,1070,1.55,"1","0","0","0",691,"0","1",1071.05
"танкер",145.88,22.5,8.7,15441,10.7,15,0,"0","0","0","3",4915,"5","2",0
"танкер",145.88,22.5,8.7,15441,8.7,466,0.41,"1","2","0","2",4556,"1","2",1867.96
"танкер",145.88,22.5,8.7,15441,9.3,1093,0.25,"0","1","0","3",8898,"0","1",2224.5
"танкер",145.88,22.5,8.7,15441,9.6,531,0.07,"0","0","0","3",7774,"4","4",544.18
"танкер",145.88,22.5,8.7,15441,8.8,774,0.7,"0","1","0","6",2202,"3","3",1541.4
"танкер",145.88,22.5,8.7,15441,9.2,130,0.16,"1","1","0","3",2484,"0","3",397.44
"танкер",145.88,22.5,8.7,15441,9,887,0.29,"0","1","0","0",3026,"0","3",877.54
"танкер",145.88,22.5,8.7,15441,10.4,883,0.46,"0","1","0","3",3862,"1","4",1776.52
"танкер",145.88,22.5,8.7,15441,9.8,1059,0.35,"0","0","1","0",3054,"1","0",1068.9
"танкер",244.6,42.03,11.1,109390,9.4,3566,1.19,"0","2","0","3",8993,"9","5",10701.67
"танкер",244.6,42.03,11.1,109390,7.9,5274,1.84,"0","1","1","6",8590,"9","7",15805.6
"танкер",244.6,42.03,11.1,109390,8.8,5055,11.36,"0","0","1","6",890,"3","4",10110.4
"танкер",244.6,42.03,11.1,109390,9.9,860,0.61,"1","0","0","2",2821,"0","4",1720.81
"танкер",244.6,42.03,11.1,109390,9.3,6772,5.63,"0","2","0","3",3609,"2","1",20318.67
"танкер",244.6,42.03,11.1,109390,8.5,6369,2.9,"1","0","1","2",6578,"1","0",19076.2
"танкер",244.6,42.03,11.1,109390,10.4,3694,9.45,"1","2","1","3",1955,"4","2",18474.75
"танкер",244.6,42.03,11.1,109390,8.3,7865,30.78,"0","0","1","3",511,"9","7",15728.58
"танкер",244.6,42.03,11.1,109390,10.8,9659,2.61,"0","1","0","3",7394,"1","0",19298.34
"танкер",244.6,42.03,11.1,109390,8.1,8244,5.54,"1","2","0","3",5948,"1","1",32951.92
"танкер",244.6,42.03,11.1,109390,9,4536,1.53,"0","0","0","6",2965,"1","4",4536.45
"танкер",244.6,42.03,11.1,109390,8,10534,5.03,"0","2","0","2",6281,"0","1",31593.43
"танкер",244.6,42.03,11.1,109390,9.2,723,0.44,"0","1","1","2",4961,"1","1",2182.84
"танкер",244.6,42.03,11.1,109390,8.2,497,0.07,"0","0","0","3",6914,"9","6",483.98
"танкер",244.6,42.03,11.1,109390,8.4,3475,2.45,"0","2","1","2",5668,"2","3",13886.6
"танкер",244.6,42.03,11.1,109390,9.2,9969,1.61,"0","0","0","3",6206,"4","2",9991.66
"танкер",244.6,42.03,11.1,109390,9.3,4140,2.02,"0","2","0","3",6151,"1","4",12425.02
"танкер",244.6,42.03,11.1,109390,10.7,10042,7.5,"0","1","0","3",2677,"2","0",20077.5
"танкер",244.6,42.03,11.1,109390,9.8,6517,8.56,"0","1","0","3",1523,"3","2",13036.88
"танкер",244.6,42.03,11.1,109390,9.4,8907,3.77,"1","0","0","3",4730,"8","5",17832.1
"танкер",244.6,42.03,11.1,109390,8.2,7651,2,"0","1","0","3",7658,"4","0",15316
"танкер",244.6,42.03,11.1,109390,10.4,4188,0.94,"1","0","0","2",8926,"6","6",8390.44
"танкер",244.6,42.03,11.1,109390,9,9937,6.13,"0","1","1","3",4861,"6","7",29797.93
"танкер",244.6,42.03,11.1,109390,9.9,7369,3.06,"1","1","0","3",7235,"0","4",22139.1
"танкер",244.6,42.03,11.1,109390,10.7,7006,3.85,"0","1","1","3",5455,"3","4",21001.75
"танкер",244.6,42.03,11.1,109390,9.3,10524,3.22,"1","0","0","2",6541,"2","4",21062.02
"танкер",244.6,42.03,11.1,109390,10.1,10297,1.36,"0","0","0","2",7565,"1","4",10288.4
"танкер",244.6,42.03,11.1,109390,8.8,10410,5.09,"1","0","0","3",4089,"8","7",20813.01
"танкер",244.6,42.03,11.1,109390,9.4,2981,3.62,"0","1","0","3",1647,"5","4",5962.14
"танкер",244.6,42.03,11.1,109390,8.6,3451,13.07,"0","0","1","2",528,"3","0",6900.96
"танкер",244.6,42.03,11.1,109390,9.7,702,0.29,"1","1","0","3",7165,"4","4",2077.85
"танкер",244.6,42.03,11.1,109390,10.1,5588,1.48,"1","0","0","2",7556,"1","0",11182.88
"танкер",244.6,42.03,11.1,109390,9.9,2228,0.85,"0","0","1","3",5236,"5","4",4450.6
"танкер",244.6,42.03,11.1,109390,10.8,3727,3.39,"1","2","1","3",5499,"0","0",18641.61
"танкер",244.6,42.03,11.1,109390,8.5,4976,3.95,"0","1","0","3",2519,"1","4",9950.05
"танкер",244.6,42.03,11.1,109390,9.7,8130,2.56,"0","0","0","3",3179,"0","4",8138.24
"танкер",244.6,42.03,11.1,109390,8.4,7101,3.45,"1","0","0","3",4112,"1","4",14186.4
"танкер",244.6,42.03,11.1,109390,10.1,1914,1.48,"1","0","0","3",2581,"8","6",3819.88
"танкер",244.6,42.03,11.1,109390,9.4,5937,5.1,"0","0","0","2",1165,"1","2",5941.5
"танкер",101.39,19.05,5.8,7279,8.3,291,0.06,"0","0","0","3",4944,"9","6",296.64
"танкер",101.39,19.05,5.8,7279,6.8,683,0.59,"1","1","1","3",4621,"1","3",2726.39
"танкер",101.39,19.05,5.8,7279,9.3,421,0.05,"0","0","0","2",8690,"5","1",434.5
"танкер",101.39,19.05,5.8,7279,9.3,265,0.18,"1","1","0","6",4497,"3","4",809.46
"танкер",101.39,19.05,5.8,7279,7.3,466,0.29,"0","1","0","2",3247,"5","2",941.63
"танкер",101.39,19.05,5.8,7279,7.7,233,0.82,"0","1","0","3",569,"4","3",466.58
"танкер",101.39,19.05,5.8,7279,8.2,238,0.24,"0","2","0","3",3025,"7","6",726
"танкер",101.39,19.05,5.8,7279,9,614,0.43,"1","2","0","3",5774,"0","1",2482.82
"танкер",101.39,19.05,5.8,7279,7.9,12,0.02,"1","2","0","3",2233,"6","5",44.66
"танкер",101.39,19.05,5.8,7279,7.6,492,0.52,"1","2","1","2",4751,"7","6",2470.52
"танкер",101.39,19.05,5.8,7279,7.6,430,0.33,"0","1","0","3",2632,"5","2",868.56
"танкер",101.39,19.05,5.8,7279,7.8,507,0.42,"1","2","1","0",4824,"9","7",2026.08
"танкер",101.39,19.05,5.8,7279,9.3,605,0.71,"1","0","0","6",1700,"0","0",1207
"танкер",101.39,19.05,5.8,7279,8.7,36,0.03,"0","1","1","2",4064,"7","6",121.92
"танкер",101.39,19.05,5.8,7279,7.7,634,1.1,"1","0","1","2",1735,"0","1",1908.5
"танкер",101.39,19.05,5.8,7279,8,282,0.19,"1","2","0","3",5788,"3","4",1099.72
"танкер",101.39,19.05,5.8,7279,7.7,359,0.05,"0","0","0","3",7527,"5","4",376.35
"танкер",101.39,19.05,5.8,7279,8.7,246,0.16,"0","2","1","2",6012,"6","6",961.92
"танкер",101.39,19.05,5.8,7279,8,599,2.41,"1","1","0","2",746,"0","2",1797.86
"танкер",101.39,19.05,5.8,7279,8.4,26,0.01,"0","1","1","0",3706,"3","0",37.06
"танкер",101.39,19.05,5.8,7279,7.5,7,0,"0","0","1","0",4902,"2","0",0
"танкер",101.39,19.05,5.8,7279,8.5,184,0.13,"0","1","1","3",4140,"0","4",538.2
"танкер",101.39,19.05,5.8,7279,7.6,171,0.1,"0","2","1","2",7066,"1","3",706.6
"танкер",101.39,19.05,5.8,7279,9.3,234,0.06,"1","0","0","3",8374,"2","3",502.44
"танкер",101.39,19.05,5.8,7279,7.4,462,0.42,"1","2","1","3",5529,"1","0",2322.18
"танкер",101.39,19.05,5.8,7279,8,51,0.03,"1","2","1","3",8498,"0","4",254.94
"танкер",101.39,19.05,5.8,7279,8.5,117,0.24,"1","1","0","3",1433,"3","1",343.92
"танкер",101.39,19.05,5.8,7279,8.2,549,0.32,"1","0","1","2",5210,"2","1",1667.2
"танкер",101.39,19.05,5.8,7279,8.9,123,0.1,"1","1","1","6",5132,"8","6",513.2
"танкер",101.39,19.05,5.8,7279,7.9,381,0.29,"0","1","1","3",3932,"0","2",1140.28
"танкер",101.39,19.05,5.8,7279,9.3,536,0.45,"0","1","1","3",3554,"5","0",1599.3
"танкер",101.39,19.05,5.8,7279,7,305,0.09,"0","0","1","6",6479,"3","1",583.11
"танкер",101.39,19.05,5.8,7279,7.3,23,0.02,"0","2","0","2",4023,"8","6",80.46
"танкер",101.39,19.05,5.8,7279,8.6,56,0.01,"0","0","0","3",6136,"1","0",61.36
"танкер",101.39,19.05,5.8,7279,9.5,444,0.14,"0","1","0","2",6474,"0","3",906.36
"танкер",101.39,19.05,5.8,7279,8.1,140,0.17,"1","2","1","3",4161,"2","2",707.37
"танкер",101.39,19.05,5.8,7279,7.3,35,0.02,"1","1","0","3",6887,"2","3",137.74
"танкер",101.39,19.05,5.8,7279,7.4,501,0.53,"0","2","0","3",2861,"5","0",1516.33
"танкер",101.39,19.05,5.8,7279,9.5,295,0.35,"0","1","1","3",2507,"1","2",877.45
"танкер",101.39,19.05,5.8,7279,7.7,501,0.65,"0","0","1","6",1536,"0","1",998.4
"танкер",281,48.2,14.7,166188,8.4,10782,13.97,"0","0","1","6",1544,"1","4",21569.68
"танкер",281,48.2,14.7,166188,7.2,10738,4.83,"1","1","1","3",8885,"6","7",42914.55
"танкер",281,48.2,14.7,166188,9.5,5762,25.5,"1","2","0","3",904,"1","1",23052
"танкер",281,48.2,14.7,166188,9.4,3024,2.47,"1","1","0","3",3676,"3","0",9079.72
"танкер",281,48.2,14.7,166188,7.6,10729,0,"0","0","0","0",3528,"8","5",0
"танкер",281,48.2,14.7,166188,8.5,8842,11.68,"1","2","1","3",3784,"4","0",44197.12
"танкер",281,48.2,14.7,166188,8.5,11260,13.5,"1","1","0","2",2503,"6","7",33790.5
"танкер",281,48.2,14.7,166188,8.9,11280,3.45,"1","1","0","0",6547,"5","0",22587.15
"танкер",281,48.2,14.7,166188,9.1,10153,2.47,"1","0","0","2",8221,"5","2",20305.87
"танкер",281,48.2,14.7,166188,8.8,13868,8.58,"1","1","0","0",3233,"6","7",27739.14
"танкер",281,48.2,14.7,166188,7.9,5737,4.94,"1","2","1","3",5803,"6","7",28666.82
"танкер",281,48.2,14.7,166188,7.6,9717,6.37,"0","2","0","2",4579,"2","4",29168.23
"танкер",281,48.2,14.7,166188,7,3034,1.18,"1","0","0","3",5149,"2","4",6075.82
"танкер",281,48.2,14.7,166188,8.9,4132,6.27,"1","0","0","3",1318,"5","3",8263.86
"танкер",281,48.2,14.7,166188,7.5,2952,1.66,"0","0","1","3",3552,"4","3",5896.32
"танкер",281,48.2,14.7,166188,8.3,2266,1.07,"1","1","1","3",8463,"8","6",9055.41
"танкер",281,48.2,14.7,166188,7,14595,3.36,"0","1","0","3",8687,"8","7",29188.32
"танкер",281,48.2,14.7,166188,9.3,8191,4.81,"1","2","0","3",6806,"1","3",32736.86
"танкер",281,48.2,14.7,166188,9.5,2377,1.69,"1","2","0","3",5614,"3","4",9487.66
"танкер",281,48.2,14.7,166188,9.3,10604,1.94,"0","1","0","0",5458,"7","6",10588.52
"танкер",281,48.2,14.7,166188,7.4,4229,4.09,"0","2","1","3",4136,"7","6",16916.24
"танкер",281,48.2,14.7,166188,8.6,9007,3.04,"0","1","0","3",5930,"8","5",18027.2
"танкер",281,48.2,14.7,166188,8.1,4745,5.92,"1","2","1","3",4009,"7","5",23733.28
"танкер",281,48.2,14.7,166188,8.5,5766,5.7,"1","2","1","3",5057,"9","6",28824.9
"танкер",281,48.2,14.7,166188,8.9,5290,2.66,"1","1","0","6",5958,"7","6",15848.28
"танкер",281,48.2,14.7,166188,9.2,4650,17.39,"1","0","1","3",802,"2","1",13946.78
"танкер",281,48.2,14.7,166188,8.2,11605,5.74,"0","0","0","2",2023,"0","4",11612.02
"танкер",281,48.2,14.7,166188,7.5,5870,15.7,"1","1","0","6",1122,"2","4",17615.4
"танкер",281,48.2,14.7,166188,7.9,8271,2.86,"0","2","0","2",8691,"1","0",24856.26
"танкер",281,48.2,14.7,166188,8.8,8986,17.77,"1","1","0","3",1517,"6","7",26957.09
"танкер",281,48.2,14.7,166188,8.3,6966,2.4,"0","2","0","3",8716,"1","1",20918.4
"танкер",281,48.2,14.7,166188,7,13040,5.52,"0","0","0","3",2361,"5","2",13032.72
"танкер",281,48.2,14.7,166188,7.5,9193,6.23,"0","2","1","2",5903,"7","5",36775.69
"танкер",281,48.2,14.7,166188,9.5,7044,10.25,"0","2","1","3",2748,"7","6",28167
"танкер",281,48.2,14.7,166188,9.6,1414,1.35,"1","2","0","2",4188,"9","6",5653.8
"танкер",243.8,42,14.7,115098,10.4,818,0.21,"0","1","0","3",7773,"4","3",1632.33
"танкер",243.8,42,14.7,115098,9.1,9701,25.46,"1","0","1","6",1143,"7","5",29100.78
"танкер",243.8,42,14.7,115098,11.9,4604,1.34,"0","1","0","3",6848,"1","2",9176.32
"танкер",243.8,42,14.7,115098,9.6,9454,3.41,"0","0","0","3",2772,"9","6",9452.52
"танкер",243.8,42,14.7,115098,11.7,3204,3.89,"1","2","0","3",3295,"5","0",12817.55
"танкер",243.8,42,14.7,115098,9.1,1906,1.67,"0","2","1","3",4571,"3","4",7633.57
"танкер",243.8,42,14.7,115098,10.1,6999,1.87,"0","0","1","3",7472,"9","5",13972.64
"танкер",243.8,42,14.7,115098,9.6,5361,2.04,"0","1","1","2",7888,"6","5",16091.52
"танкер",243.8,42,14.7,115098,10,4199,2.8,"1","2","0","3",5989,"7","5",16769.2
"танкер",243.8,42,14.7,115098,8.9,7507,16.49,"1","2","1","2",2276,"1","1",37531.24
"танкер",243.8,42,14.7,115098,11.6,10779,37.51,"1","1","0","3",862,"8","6",32333.62
"танкер",243.8,42,14.7,115098,10,2661,0.68,"1","0","0","3",7869,"2","3",5350.92
"танкер",243.8,42,14.7,115098,11.6,3295,2.45,"1","0","1","3",4031,"2","2",9875.95
"танкер",243.8,42,14.7,115098,11.2,6200,3.53,"0","1","1","2",5263,"6","6",18578.39
"танкер",243.8,42,14.7,115098,11.6,6633,2.24,"1","0","0","3",5913,"3","2",13245.12
"танкер",243.8,42,14.7,115098,10.2,4127,1.94,"1","0","1","6",6368,"8","6",12353.92
"танкер",243.8,42,14.7,115098,10.1,5015,1.41,"0","0","1","3",7096,"8","7",10005.36
"танкер",243.8,42,14.7,115098,10.7,10157,7.34,"0","1","1","3",4149,"5","2",30453.66
"танкер",243.8,42,14.7,115098,10.2,7968,4.4,"0","2","1","2",7243,"5","3",31869.2
"танкер",243.8,42,14.7,115098,9.8,5258,2.26,"1","1","0","2",6979,"1","4",15772.54
"танкер",243.8,42,14.7,115098,11.2,7118,3.01,"1","1","0","6",7106,"4","4",21389.06
"танкер",243.8,42,14.7,115098,9.2,9267,5.49,"0","0","1","2",3379,"7","7",18550.71
"танкер",243.8,42,14.7,115098,10.6,4574,5.99,"1","1","1","6",3056,"4","0",18305.44
"танкер",243.8,42,14.7,115098,9.7,5033,1.92,"1","1","0","3",7870,"4","4",15110.4
"танкер",243.8,42,14.7,115098,11.1,4979,1.22,"0","0","0","3",4070,"8","5",4965.4
"танкер",243.8,42,14.7,115098,10.2,2740,2.24,"0","2","1","3",4890,"8","5",10953.6
"танкер",243.8,42,14.7,115098,9.9,5296,4.36,"1","0","1","3",3648,"9","7",15905.28
"танкер",243.8,42,14.7,115098,10.6,3640,4.28,"0","2","1","2",3402,"0","0",14560.56
"танкер",243.8,42,14.7,115098,9.8,10118,9.65,"0","1","1","3",3145,"1","2",30349.25
"танкер",243.8,42,14.7,115098,11.4,2707,14.1,"0","2","0","2",576,"6","7",8121.6
"танкер",243.8,42,14.7,115098,11.6,2974,14.89,"0","2","0","3",599,"4","2",8919.11
"танкер",243.8,42,14.7,115098,9.9,1180,0.39,"0","0","1","3",6080,"8","5",2371.2
"танкер",243.8,42,14.7,115098,10.9,11073,2.86,"1","1","0","0",7745,"3","2",22150.7
"танкер",243.8,42,14.7,115098,11.3,7154,3.4,"1","0","1","3",6313,"4","0",21464.2
"танкер",243.8,42,14.7,115098,9.3,5023,28.31,"1","2","1","2",887,"1","0",25110.97
"танкер",243.8,42,14.7,115098,11.7,11179,7.22,"1","2","0","3",6197,"5","0",44742.34
"танкер",243.8,42,14.7,115098,10.1,4184,3.73,"1","0","1","3",3368,"8","7",12562.64
"танкер",243.8,42,14.7,115098,11.8,1842,1.37,"0","2","1","2",5388,"3","3",7381.56
